id,ts,symbol,name,current_price,market_cap,market_cap_rank,total_volume,price_change_24h,price_change_7d,volume_to_mcap,final_score,risk_level,bucket,future_price_6h,future_return_6h,target_up_6h_3pct,rank_strength,score_x_liquidity,score_x_rank,price_lag_1,price_lag_2,score_lag_1,score_lag_2,volume_to_mcap_lag_1,rank_lag_1,price_return_1,price_return_2,score_delta_1,volume_to_mcap_delta_1,rank_change_1
48,2026-03-29 21:01:27.355962,1INCH,1INCH,0.087201,122025760.0,232,27616657.0,-1.43107,-4.556890035728837,0.2263182544407017,0.45039099591459936,High,speculative,0.086901,-0.003440327519179765,0,0.004310344827586207,0.10193170401120133,0.0019413404996318937,0.0,0.0,0.0,0.0,0.0,0.0,0.0,0.0,0.0,0.0,0.0
175,2026-03-29 21:01:27.355962,2Z,DoubleZero,0.067201,233163041.0,149,5275749.0,-4.83351,-7.17094489731743,0.02262686649381966,0.1441332664295473,Medium,balanced,0.080123,0.19228880522611275,1,0.006711409395973154,0.003261284176819506,0.0009673373585875658,0.0,0.0,0.0,0.0,0.0,0.0,0.0,0.0,0.0,0.0,0.0
27,2026-03-29 21:01:27.355962,9BIT,The9bit,0.02701357,221511157.0,153,4632929.0,-0.73701,11.61902954982815,0.020915104515480454,0.5415809560813838,Medium,speculative,0.02496799,-0.07572416381840688,0,0.006535947712418301,0.011327222300035971,0.0035397448109894367,0.0,0.0,0.0,0.0,0.0,0.0,0.0,0.0,0.0,0.0,0.0
126,2026-03-29 21:01:27.355962,A,Vaulta,0.073229,119498975.0,237,10702954.0,-1.77809,-5.063402901400207,0.08956523685663413,0.30758762707201576,High,speculative,0.077296,0.05553810648786684,1,0.004219409282700422,0.027549158672875138,0.0012978380889114589,0.0,0.0,0.0,0.0,0.0,0.0,0.0,0.0,0.0,0.0,0.0
113,2026-03-29 21:01:27.355962,AAVE,Aave,95.62,1450535895.0,52,139998245.0,-2.66525,-10.43908802065346,0.09651484357096865,0.3329888547032303,Medium,balanced,92.73,-0.030223802551767417,0,0.019230769230769232,0.03213836722255828,0.0064036318212159675,0.0,0.0,0.0,0.0,0.0,0.0,0.0,0.0,0.0,0.0,0.0
152,2026-03-29 21:01:27.355962,AB,AB,0.00191053,188857487.0,171,4243904.0,-2.3143,-5.8066036261678144,0.022471462833771584,0.2443576915037412,Medium,speculative,0.00151799,-0.20546131178259427,0,0.005847953216374269,0.005491074782772543,0.0014289923479750947,0.0,0.0,0.0,0.0,0.0,0.0,0.0,0.0,0.0,0.0,0.0
120,2026-03-29 21:01:27.355962,ADA,Cardano,0.240491,8862853139.0,16,388943842.0,-3.81245,-5.037377161990134,0.04388472153380223,0.3154944263141642,Medium,balanced,0.242351,0.007734177162554942,0,0.0625,0.013845385044263784,0.019718401644635262,0.0,0.0,0.0,0.0,0.0,0.0,0.0,0.0,0.0,0.0,0.0
64,2026-03-29 21:01:27.355962,AERO,Aerodrome Finance,0.320467,297289038.0,127,5013646.0,-2.99155,4.944392915639636,0.01686455051867738,0.4142245314413602,Medium,balanced,0.310334,-0.03161948032090669,0,0.007874015748031496,0.006985710536568286,0.0032616104837902378,0.0,0.0,0.0,0.0,0.0,0.0,0.0,0.0,0.0,0.0,0.0
160,2026-03-29 21:01:27.355962,AKT,Akash Network,0.502438,131386451.0,216,6973909.0,-0.85275,-13.126360915222419,0.053079362041676584,0.22394642014018523,High,speculative,0.455524,-0.09337271464339891,0,0.004629629629629629,0.011886933112558305,0.001036788982130487,0.0,0.0,0.0,0.0,0.0,0.0,0.0,0.0,0.0,0.0,0.0
116,2026-03-29 21:01:27.355962,ALGO,Algorand,0.081177,721699242.0,81,16158372.0,-1.84242,-5.314158532079707,0.022389343177389675,0.32645136873744945,Medium,balanced,0.116119,0.4304421203050125,1,0.012345679012345678,0.007309031725391335,0.00403026381157345,0.0,0.0,0.0,0.0,0.0,0.0,0.0,0.0,0.0,0.0,0.0
76,2026-03-29 21:01:27.355962,APEPE,Ape and Pepe,1.18e-06,248610329.0,144,21617857.0,-0.71373,-5.711841447384159,0.08695478215629569,0.39829549066158515,High,speculative,1.18e-06,0.0,0,0.006944444444444444,0.034633697624313044,0.002765940907372119,0.0,0.0,0.0,0.0,0.0,0.0,0.0,0.0,0.0,0.0,0.0
41,2026-03-29 21:01:27.355962,APT,Aptos,0.92331,731962817.0,80,40478513.0,-2.3732,0.39527082868819,0.05530132413816315,0.4794327563762104,Medium,safer,0.833257,-0.0975327896372832,0,0.0125,0.02651326626281382,0.005992909454702631,0.0,0.0,0.0,0.0,0.0,0.0,0.0,0.0,0.0,0.0,0.0
102,2026-03-29 21:01:27.355962,ARB,Arbitrum,0.089165,538491401.0,93,37053313.0,-2.73507,-3.562296083758038,0.06880947946650684,0.3615495685068368,Medium,balanced,0.090557,0.015611506757135697,1,0.010752688172043012,0.024878037610295594,0.0038876297688907185,0.0,0.0,0.0,0.0,0.0,0.0,0.0,0.0,0.0,0.0,0.0
45,2026-03-29 21:01:27.355962,ASTER,Aster,0.659424,1619834206.0,49,52092681.0,-0.43642,-1.07151948665914,0.032159267168852465,0.46269522143938807,Low,balanced,0.667971,0.012961311690202315,1,0.02040816326530612,0.014879939244020634,0.009442759621212,0.0,0.0,0.0,0.0,0.0,0.0,0.0,0.0,0.0,0.0,0.0
117,2026-03-29 21:01:27.355962,ATH,Aethir,0.00693424,127333321.0,223,15342581.0,-0.94858,-9.328453699603527,0.12049148549263079,0.3261255905583707,High,speculative,0.00657363,-0.052004257135605456,0,0.004484304932735426,0.03929535686353958,0.0014624465944321557,0.0,0.0,0.0,0.0,0.0,0.0,0.0,0.0,0.0,0.0,0.0
129,2026-03-29 21:01:27.355962,ATOM,Cosmos Hub,1.65,824064555.0,75,26124320.0,-2.17493,-7.473241211528067,0.031701788217307805,0.29988390154761374,Medium,balanced,1.69,0.024242424242424267,1,0.013333333333333334,0.009506855936642435,0.00399845202063485,0.0,0.0,0.0,0.0,0.0,0.0,0.0,0.0,0.0,0.0,0.0
85,2026-03-29 21:01:27.355962,AVAX,Avalanche,8.63,3727323431.0,28,214121608.0,-2.75648,-3.8068380718954393,0.057446479213249683,0.3887051538375265,Low,balanced,8.81,0.020857473928157556,1,0.03571428571428571,0.022329742540010487,0.013882326922768803,0.0,0.0,0.0,0.0,0.0,0.0,0.0,0.0,0.0,0.0,0.0
69,2026-03-29 21:01:27.355962,AXS,Axie Infinity,1.12,190065925.0,169,18376699.0,-4.13227,1.3796551560791217,0.09668592095084903,0.4052464199554696,Medium,speculative,1.099,-0.018750000000000114,0,0.005917159763313609,0.039181623325429106,0.0023979078103873942,0.0,0.0,0.0,0.0,0.0,0.0,0.0,0.0,0.0,0.0,0.0
156,2026-03-29 21:01:27.355962,B,BUILDon,0.198846,198768270.0,164,3202186.0,-1.04504,-8.704508356276087,0.01611014675531462,0.2387431248484308,Medium,speculative,0.174171,-0.1240910050994237,0,0.006097560975609756,0.0038461867781306204,0.0014557507612709196,0.0,0.0,0.0,0.0,0.0,0.0,0.0,0.0,0.0,0.0,0.0
86,2026-03-29 21:01:27.355962,BANANAS31,Banana For Scale,0.01328692,132860740.0,212,10132072.0,-0.7747,-2.0437787385225388,0.0762608427440642,0.38684564999745136,High,speculative,0.01177273,-0.11396094806019756,0,0.0047169811320754715,0.029501175280680934,0.0018247436320634497,0.0,0.0,0.0,0.0,0.0,0.0,0.0,0.0,0.0,0.0,0.0
103,2026-03-29 21:01:27.355962,BAT,Basic Attention,0.091741,137213519.0,210,22640379.0,-4.0997,-0.7057061395545011,0.165001081271008,0.3596121293028423,High,speculative,0.093769,0.02210571064191585,1,0.004761904761904762,0.05933639017313852,0.0017124387109659159,0.0,0.0,0.0,0.0,0.0,0.0,0.0,0.0,0.0,0.0,0.0
137,2026-03-29 21:01:27.355962,BCH,Bitcoin Cash,453.66,9079669016.0,14,410224375.0,-5.88764,-2.7371626028581604,0.0451805428454618,0.2891502426802178,Medium,balanced,435.39,-0.04027245073402997,0,0.07142857142857142,0.013063964928189257,0.020653588762872696,0.0,0.0,0.0,0.0,0.0,0.0,0.0,0.0,0.0,0.0,0.0
49,2026-03-29 21:01:27.355962,BDX,Beldex,0.080122,609342433.0,87,13312595.0,-1.89856,0.4485293456192371,0.021847477344483574,0.4502401646129807,Medium,balanced,0.080131,0.00011232869873436912,0,0.011494252873563218,0.009836611795958652,0.00517517430589633,0.0,0.0,0.0,0.0,0.0,0.0,0.0,0.0,0.0,0.0,0.0
87,2026-03-29 21:01:27.355962,BGB,Bitget Token,1.94,1359319877.0,55,19989313.0,-0.20027,-4.893756616690012,0.014705378283819504,0.3867769587609374,Medium,balanced,1.9,-0.020618556701030948,0,0.01818181818181818,0.0056877014900448405,0.007032308341107952,0.0,0.0,0.0,0.0,0.0,0.0,0.0,0.0,0.0,0.0,0.0
83,2026-03-29 21:01:27.355962,BNB,BNB,609.08,83047920498.0,4,628367541.0,-1.35773,-3.0261898446155344,0.0075663248065932324,0.39060149815672957,Low,balanced,591.73,-0.02848558481644451,0,0.25,0.002955417804995744,0.09765037453918239,0.0,0.0,0.0,0.0,0.0,0.0,0.0,0.0,0.0,0.0,0.0
80,2026-03-29 21:01:27.355962,BONK,Bonk,5.69e-06,500470598.0,98,26783609.0,-2.46453,-0.08616182804794227,0.05351684815658242,0.3967472378213856,Medium,balanced,5.5e-06,-0.033391915641476255,0,0.01020408163265306,0.021232661683030587,0.004048441202259037,0.0,0.0,0.0,0.0,0.0,0.0,0.0,0.0,0.0,0.0,0.0
84,2026-03-29 21:01:27.355962,BSV,Bitcoin SV,13.58,271691502.0,132,12989248.0,-0.49093,-3.759784273187706,0.04780881221673249,0.38929861552083384,Medium,balanced,15.83,0.16568483063328424,1,0.007575757575757576,0.018611904405669486,0.0029492319357638927,0.0,0.0,0.0,0.0,0.0,0.0,0.0,0.0,0.0,0.0,0.0
53,2026-03-29 21:01:27.355962,BTC,Bitcoin,66559.0,1331697620406.0,1,21910561013.0,-0.45744,-2.3788507348388293,0.016453105177375055,0.44384375736305653,Low,balanced,66880.0,0.004822788803918328,0,1.0,0.007302608022215703,0.44384375736305653,0.0,0.0,0.0,0.0,0.0,0.0,0.0,0.0,0.0,0.0,0.0
21,2026-03-29 21:01:27.355962,BTSE,BTSE Token,1.47,238713089.0,148,2764392.0,1.90017,1.6986434986152235,0.01158039557688435,0.5612690870396491,Medium,balanced,1.45,-0.01360544217687076,0,0.006756756756756757,0.006499718052995869,0.0037923586962138453,0.0,0.0,0.0,0.0,0.0,0.0,0.0,0.0,0.0,0.0,0.0
109,2026-03-29 21:01:27.355962,BTT,BitTorrent,3.14197e-07,310284112.0,126,8185718.0,-0.72801,-5.542547920279387,0.026381363670982934,0.34182821000842384,Medium,balanced,3.13035e-07,-0.0036983166612029844,0,0.007936507936507936,0.009017894321233358,0.0027129223016541574,0.0,0.0,0.0,0.0,0.0,0.0,0.0,0.0,0.0,0.0,0.0
73,2026-03-29 21:01:27.355962,CAKE,PancakeSwap,1.36,447089040.0,103,27127771.0,-2.05755,-1.3470153589832798,0.060676439306139106,0.40075461310377153,Medium,balanced,1.4,0.029411764705882214,1,0.009708737864077669,0.024316362958646254,0.0038908214864443835,0.0,0.0,0.0,0.0,0.0,0.0,0.0,0.0,0.0,0.0,0.0
17,2026-03-29 21:01:27.355962,CASH,CASH,1.001,121850487.0,233,17916096.0,0.08763,0.17359922850605844,0.14703343779003525,0.5851477468079861,High,speculative,0.999441,-0.0015574425574424238,0,0.004291845493562232,0.08603628482827132,0.002511363720205949,0.0,0.0,0.0,0.0,0.0,0.0,0.0,0.0,0.0,0.0,0.0
59,2026-03-29 21:01:27.355962,CC,Canton,0.150457,5740085642.0,20,8816307.0,-4.16503,5.571921925964874,0.0015359190698290978,0.43405165732842,Medium,balanced,0.139893,-0.07021275181613362,0,0.05,0.0006666682177816451,0.021702582866421002,0.0,0.0,0.0,0.0,0.0,0.0,0.0,0.0,0.0,0.0,0.0
179,2026-03-29 21:01:27.355962,CFX,Conflux,0.05368,278346441.0,131,14852836.0,-7.05089,-11.569656027808096,0.05336096968453784,0.1259311042291306,Medium,balanced,0.050888,-0.05201192250372571,0,0.007633587786259542,0.006719805835111012,0.0009613061391536686,0.0,0.0,0.0,0.0,0.0,0.0,0.0,0.0,0.0,0.0,0.0
13,2026-03-29 21:01:27.355962,CHZ,Chiliz,0.03946958,405800438.0,107,90583454.0,-5.22043,12.256537752944624,0.22322167626640166,0.5941333363090954,Medium,balanced,0.038026,-0.03657449610560842,0,0.009345794392523364,0.13262343925666603,0.005552648002888742,0.0,0.0,0.0,0.0,0.0,0.0,0.0,0.0,0.0,0.0,0.0
153,2026-03-29 21:01:27.355962,COMP,Compound,17.97,173811601.0,184,5649963.0,-3.05497,-3.689844451428823,0.032506247957522695,0.2426043385751181,Medium,speculative,16.56,-0.07846410684474125,0,0.005434782608695652,0.007886156785293577,0.0013185018400821635,0.0,0.0,0.0,0.0,0.0,0.0,0.0,0.0,0.0,0.0,0.0
154,2026-03-29 21:01:27.355962,COW,CoW Protocol,0.197973,110792876.0,244,5243144.0,-1.30723,-7.409672844664139,0.04732383695861456,0.24061118213620347,High,speculative,0.197495,-0.0024144706601405552,0,0.004098360655737705,0.011386644353833204,0.0009861114021975552,0.0,0.0,0.0,0.0,0.0,0.0,0.0,0.0,0.0,0.0,0.0
135,2026-03-29 21:01:27.355962,CRO,Cronos,0.070383,2978002010.0,35,16506537.0,-2.62322,-5.100050363909054,0.005542822652426618,0.29428953534074914,Medium,balanced,0.069,-0.019649631303013445,0,0.02857142857142857,0.0016311947028588081,0.008408272438307118,0.0,0.0,0.0,0.0,0.0,0.0,0.0,0.0,0.0,0.0,0.0
47,2026-03-29 21:01:27.355962,CRV,Curve DAO,0.210114,313205425.0,124,40464270.0,-1.47378,-3.098484277971973,0.12919402657217702,0.45365017925705414,Medium,balanced,0.208796,-0.006272785249911885,0,0.008064516129032258,0.05860889331340872,0.003658469187556888,0.0,0.0,0.0,0.0,0.0,0.0,0.0,0.0,0.0,0.0,0.0
57,2026-03-29 21:01:27.355962,CVX,Convex Finance,1.67,153180854.0,195,6078214.0,0.5915,-3.9957043907232093,0.0396799850717636,0.4402601418318455,Medium,speculative,1.68,0.005988023952095814,0,0.005128205128205128,0.017469515855580153,0.002257744317086387,0.0,0.0,0.0,0.0,0.0,0.0,0.0,0.0,0.0,0.0,0.0
18,2026-03-29 21:01:27.355962,DASH,Dash,31.97,404107085.0,108,46681263.0,-0.89107,0.481797340529098,0.11551706152343258,0.5772737805939696,Medium,balanced,30.02,-0.06099468251485766,0,0.009259259259259259,0.0666849708287381,0.005345127598092311,0.0,0.0,0.0,0.0,0.0,0.0,0.0,0.0,0.0,0.0,0.0
4,2026-03-29 21:01:27.355962,DEXE,DeXe,7.29,341140534.0,119,6988912.0,1.71121,4.959354593627429,0.020486899982398457,0.6461652956663145,Medium,balanced,8.93,0.22496570644718789,1,0.008403361344537815,0.013237923784412712,0.005429960467784155,0.0,0.0,0.0,0.0,0.0,0.0,0.0,0.0,0.0,0.0,0.0
28,2026-03-29 21:01:27.355962,DOGE,Dogecoin,0.090925,13967208256.0,10,654595004.0,-1.37997,0.19709219090860947,0.04686656001701705,0.5405613057675158,High,speculative,0.090215,-0.007808633489139426,0,0.1,0.025334248879630386,0.054056130576751585,0.0,0.0,0.0,0.0,0.0,0.0,0.0,0.0,0.0,0.0,0.0
93,2026-03-29 21:01:27.355962,DOT,Polkadot,1.26,2109725621.0,43,225170862.0,-1.54878,-11.559849395264258,0.10672992722782125,0.3781641316220869,Medium,balanced,1.23,-0.02380952380952383,0,0.023255813953488372,0.04036143024819755,0.008794514688885742,0.0,0.0,0.0,0.0,0.0,0.0,0.0,0.0,0.0,0.0,0.0
157,2026-03-29 21:01:27.355962,EGLD,MultiversX,3.76,111484061.0,242,3896195.0,-2.35917,-4.028344470306004,0.034948448819064816,0.23055105583739904,High,speculative,3.67,-0.023936170212765923,0,0.004132231404958678,0.008057401775114695,0.0009526903133776821,0.0,0.0,0.0,0.0,0.0,0.0,0.0,0.0,0.0,0.0,0.0
105,2026-03-29 21:01:27.355962,ENA,Ethena,0.090598,769284744.0,78,55025108.0,-2.83534,-5.067874160324121,0.07152762150707619,0.3514983580542754,Medium,balanced,0.077747,-0.1418463983752401,0,0.01282051282051282,0.025141841515264954,0.004506389205824043,0.0,0.0,0.0,0.0,0.0,0.0,0.0,0.0,0.0,0.0,0.0
136,2026-03-29 21:01:27.355962,ENS,Ethereum Name Service,5.57,213889404.0,159,11934434.0,-2.4998,-5.340171473431936,0.055797219389138134,0.2942160813401296,Medium,speculative,5.54,-0.0053859964093357715,0,0.006289308176100629,0.01641643923834772,0.0018504156059127648,0.0,0.0,0.0,0.0,0.0,0.0,0.0,0.0,0.0,0.0,0.0
79,2026-03-29 21:01:27.355962,ETC,Ethereum Classic,8.0,1248775744.0,60,32335064.0,-1.87335,-0.8139714566209183,0.025893411331346296,0.3970023302739244,Medium,balanced,8.48,0.06000000000000005,1,0.016666666666666666,0.01027974463728572,0.0066167055045654065,0.0,0.0,0.0,0.0,0.0,0.0,0.0,0.0,0.0,0.0,0.0
58,2026-03-29 21:01:27.355962,ETH,Ethereum,2001.26,241500290749.0,2,7212030344.0,-1.07337,-3.3119761919888266,0.029863443731816142,0.4386263565841969,Low,balanced,2038.59,0.018653248453474276,1,0.5,0.013098893519143687,0.21931317829209845,0.0,0.0,0.0,0.0,0.0,0.0,0.0,0.0,0.0,0.0,0.0
130,2026-03-29 21:01:27.355962,ETHFI,Ether.fi,0.462062,363730473.0,115,22081402.0,-0.38747,-16.651480947744783,0.06070814418675336,0.29937977299205837,Medium,balanced,0.442939,-0.04138622089676266,0,0.008695652173913044,0.018174790425399368,0.0026033023738439858,0.0,0.0,0.0,0.0,0.0,0.0,0.0,0.0,0.0,0.0,0.0
34,2026-03-29 21:01:27.355962,EURC,EURC,1.15,421938093.0,105,9957104.0,0.05392,-0.37232833305644797,0.023598495052211368,0.5061594533657128,Medium,balanced,1.15,0.0,0,0.009523809523809525,0.011944601355880784,0.004820566222530598,0.0,0.0,0.0,0.0,0.0,0.0,0.0,0.0,0.0,0.0,0.0
97,2026-03-29 21:01:27.355962,FARTCOIN,Fartcoin,0.167996,167990616.0,186,38247232.0,-2.54903,-9.968543535523882,0.22767481250262217,0.37046861589298535,High,speculative,0.162861,-0.03056620395723708,0,0.005376344086021506,0.0843463726615414,0.0019917667521128246,0.0,0.0,0.0,0.0,0.0,0.0,0.0,0.0,0.0,0.0,0.0
25,2026-03-29 21:01:27.355962,FET,Artificial Superintelligence Alliance,0.231487,522824705.0,94,86030084.0,-5.95944,11.096250885451667,0.1645486205553351,0.55154735671128,Medium,balanced,0.227362,-0.017819575181327634,0,0.010638297872340425,0.09075635671778245,0.005867525071396595,0.0,0.0,0.0,0.0,0.0,0.0,0.0,0.0,0.0,0.0,0.0
98,2026-03-29 21:01:27.355962,FF,Falcon Finance,0.070468,164866022.0,188,7606351.0,-0.08631,-3.7249067165521206,0.046136559296614796,0.36786867172480703,Medium,speculative,0.069982,-0.006896747459839932,0,0.005319148936170213,0.01697219478639848,0.0019567482538553563,0.0,0.0,0.0,0.0,0.0,0.0,0.0,0.0,0.0,0.0,0.0
81,2026-03-29 21:01:27.355962,FIL,Filecoin,0.810848,619351650.0,86,60068915.0,-1.79201,-6.349140004952394,0.09698676834073179,0.39543177730856777,Medium,balanced,0.819297,0.010419955404712153,1,0.011627906976744186,0.038351650180389905,0.004598043922192648,0.0,0.0,0.0,0.0,0.0,0.0,0.0,0.0,0.0,0.0,0.0
111,2026-03-29 21:01:27.355962,FLOKI,FLOKI,2.746e-05,264909825.0,135,15525580.0,-2.32605,-3.500529878531972,0.05860703731920853,0.34151097264617564,Medium,balanced,2.664e-05,-0.029861616897305255,0,0.007407407407407408,0.02001494631879362,0.00252971090849019,0.0,0.0,0.0,0.0,0.0,0.0,0.0,0.0,0.0,0.0,0.0
141,2026-03-29 21:01:27.355962,FLR,Flare,0.00768039,656209498.0,83,1789869.0,-2.26919,-4.597175761483262,0.002727587768014903,0.2830865743518946,Medium,balanced,0.0074686,-0.027575422602237634,0,0.012048192771084338,0.0007721434774914691,0.0034106816186975255,0.0,0.0,0.0,0.0,0.0,0.0,0.0,0.0,0.0,0.0,0.0
181,2026-03-29 21:01:27.355962,FLUID,Fluid,1.63,127982594.0,221,2033065.0,-1.62229,-15.974698773864473,0.015885480489635957,0.11072045968464217,High,speculative,1.47,-0.09815950920245395,0,0.004524886877828055,0.0017588477021239079,0.0005009975551341275,0.0,0.0,0.0,0.0,0.0,0.0,0.0,0.0,0.0,0.0,0.0
161,2026-03-29 21:01:27.355962,GALA,GALA,0.0027842,132364297.0,214,16641187.0,-4.13212,-8.60623805837419,0.12572262594345968,0.2220333503313135,High,speculative,0.00282631,0.015124631851160015,1,0.004672897196261682,0.027914615850676866,0.0010375390202397826,0.0,0.0,0.0,0.0,0.0,0.0,0.0,0.0,0.0,0.0,0.0
33,2026-03-29 21:01:27.355962,GHO,GHO,0.999154,583506979.0,90,1814358.0,0.0122,0.0005037668003822457,0.0031094023984244413,0.5073256858894789,Medium,balanced,0.999214,6.005080297938056e-05,0,0.011111111111111112,0.0015774797044870704,0.005636952065438655,0.0,0.0,0.0,0.0,0.0,0.0,0.0,0.0,0.0,0.0,0.0
167,2026-03-29 21:01:27.355962,GLM,Golem,0.126839,126917254.0,225,3891250.0,-4.14306,-1.1992370167359718,0.03065973992787458,0.20263982927346702,High,speculative,0.124262,-0.020317094899833722,0,0.0044444444444444444,0.006212884464553405,0.0009006214634376311,0.0,0.0,0.0,0.0,0.0,0.0,0.0,0.0,0.0,0.0,0.0
74,2026-03-29 21:01:27.355962,GNO,Gnosis,119.01,314148947.0,123,1649443.0,0.06785,-5.254926365948308,0.005250512585674845,0.4001344538619,Medium,balanced,118.31,-0.005881858667338903,0,0.008130081300813009,0.0021009109859640366,0.0032531256411536588,0.0,0.0,0.0,0.0,0.0,0.0,0.0,0.0,0.0,0.0,0.0
39,2026-03-29 21:01:27.355962,GOMINING,GoMining Token,0.308268,124776144.0,227,11478250.0,-0.61175,0.2388133904665806,0.09199074143531796,0.4863416535628591,High,speculative,0.296404,-0.038485992707643954,0,0.004405286343612335,0.04473892930212595,0.0021424742447703044,0.0,0.0,0.0,0.0,0.0,0.0,0.0,0.0,0.0,0.0,0.0
163,2026-03-29 21:01:27.355962,GRASS,Grass,0.291677,158116481.0,193,5392700.0,-0.30139,-15.492828575757411,0.03410586907762006,0.21533056678042167,Medium,speculative,0.275171,-0.05658999509731662,0,0.0051813471502590676,0.007344036119022785,0.0011157024185514076,0.0,0.0,0.0,0.0,0.0,0.0,0.0,0.0,0.0,0.0,0.0
133,2026-03-29 21:01:27.355962,GRT,The Graph,0.02356421,253661617.0,143,9264367.0,-2.12951,-4.692159928347591,0.03652254176082147,0.29647918729597733,Medium,balanced,0.02353571,-0.0012094612974505523,0,0.006993006993006993,0.010828173499231741,0.0020732810300417995,0.0,0.0,0.0,0.0,0.0,0.0,0.0,0.0,0.0,0.0,0.0
72,2026-03-29 21:01:27.355962,GT,Gate,6.51,1133103428.0,62,1564440.0,-0.5903,-1.3155748204316182,0.0013806683144197496,0.40185021137842847,Medium,balanced,6.49,-0.003072196620583652,0,0.016129032258064516,0.0005548218539930749,0.006481455022232717,0.0,0.0,0.0,0.0,0.0,0.0,0.0,0.0,0.0,0.0,0.0
158,2026-03-29 21:01:27.355962,H,Humanity,0.081968,149286279.0,203,7711419.0,-0.58768,-14.217314404273223,0.05165524287734441,0.2279269651868115,High,speculative,0.081782,-0.002269178215889196,0,0.0049261083743842365,0.011773622745020772,0.0011227929319547365,0.0,0.0,0.0,0.0,0.0,0.0,0.0,0.0,0.0,0.0,0.0
107,2026-03-29 21:01:27.355962,HBAR,Hedera,0.088208,3816892544.0,27,44261259.0,-2.79284,-1.1098880022636686,0.011596150137780772,0.34729628242006777,Low,balanced,0.086462,-0.019794122982042417,0,0.037037037037037035,0.0040272998332362185,0.012862825274817325,0.0,0.0,0.0,0.0,0.0,0.0,0.0,0.0,0.0,0.0,0.0
144,2026-03-29 21:01:27.355962,HNT,Helium,1.13,209246992.0,160,2835981.0,-2.36237,-1.2060208578936924,0.013553270099098963,0.2792413510849629,Medium,speculative,0.991229,-0.12280619469026538,0,0.00625,0.003784633454091823,0.0017452584442810182,0.0,0.0,0.0,0.0,0.0,0.0,0.0,0.0,0.0,0.0,0.0
29,2026-03-29 21:01:27.355962,HTX,HTX DAO,1.73e-06,1583149970.0,50,15014365.0,0.64247,-0.08619345230846712,0.009483855152395955,0.5364458152836467,Low,balanced,1.73e-06,0.0,0,0.02,0.005087574409259061,0.010728916305672933,0.0,0.0,0.0,0.0,0.0,0.0,0.0,0.0,0.0,0.0,0.0
55,2026-03-29 21:01:27.355962,HYPE,Hyperliquid,38.73,9231927498.0,13,114533420.0,-3.00199,1.6391739954204816,0.012406230445896858,0.4424928931334988,Medium,balanced,35.72,-0.07771753162922794,0,0.07692307692307693,0.005489668802885798,0.03403791485642299,0.0,0.0,0.0,0.0,0.0,0.0,0.0,0.0,0.0,0.0,0.0
106,2026-03-29 21:01:27.355962,ICP,Internet Computer,2.22,1223319141.0,61,27717422.0,-1.51685,-5.617146169798549,0.022657556046529644,0.3485056318008187,Medium,balanced,2.26,0.018018018018017834,1,0.01639344262295082,0.007896285885058274,0.0057132070787019465,0.0,0.0,0.0,0.0,0.0,0.0,0.0,0.0,0.0,0.0,0.0
173,2026-03-29 21:01:27.355962,IMX,Immutable,0.14339,122359165.0,230,7219089.0,-3.59713,-8.81941686566417,0.05899916855431303,0.16654328002426386,High,speculative,0.131555,-0.08253713648092605,0,0.004347826086956522,0.009825915049739698,0.0007241012174967994,0.0,0.0,0.0,0.0,0.0,0.0,0.0,0.0,0.0,0.0,0.0
101,2026-03-29 21:01:27.355962,INJ,Injective,2.81,280966440.0,130,30600764.0,-2.72598,-4.688006825712561,0.10891252350280696,0.3624853048349261,Medium,balanced,2.77,-0.01423487544483987,0,0.007692307692307693,0.03947918928225603,0.0027883484987302008,0.0,0.0,0.0,0.0,0.0,0.0,0.0,0.0,0.0,0.0,0.0
184,2026-03-29 21:01:27.355962,IOTA,IOTA,0.053112,231389683.0,151,4427317.0,-5.18275,-8.198969774263418,0.01913359723994263,0.09541559701155966,Medium,speculative,0.059156,0.11379725862328666,1,0.006622516556291391,0.0018256436036278563,0.0006318913709374812,0.0,0.0,0.0,0.0,0.0,0.0,0.0,0.0,0.0,0.0,0.0
182,2026-03-29 21:01:27.355962,IP,Story,0.526704,185396215.0,176,18007808.0,-5.2927,-22.029598378288075,0.09713147595812568,0.10480973161270488,Medium,speculative,0.487517,-0.07440042224854942,0,0.005681818181818182,0.010180323926317049,0.0005955098387085505,0.0,0.0,0.0,0.0,0.0,0.0,0.0,0.0,0.0,0.0,0.0
63,2026-03-29 21:01:27.355962,JASMY,JasmyCoin,0.00529365,261723075.0,140,14342127.0,-0.73017,-1.4848593330955986,0.054798863264158115,0.4212735561699093,Medium,balanced,0.00520185,-0.01734153183531203,0,0.007142857142857143,0.023085312001360492,0.0030090968297850663,0.0,0.0,0.0,0.0,0.0,0.0,0.0,0.0,0.0,0.0,0.0
90,2026-03-29 21:01:27.355962,JST,JUST,0.058836,518387320.0,95,18903802.0,-0.99209,-3.7055033566939573,0.03646655940581263,0.38349413701153123,Medium,balanced,0.062614,0.06421238697396159,1,0.010526315789473684,0.013984711729111851,0.004036780389595066,0.0,0.0,0.0,0.0,0.0,0.0,0.0,0.0,0.0,0.0,0.0
138,2026-03-29 21:01:27.355962,JTO,Jito,0.283242,128178982.0,220,9045921.0,-5.65999,0.15418538292782677,0.07057257639945994,0.288195362441351,High,speculative,0.267588,-0.05526722731798251,0,0.004545454545454545,0.02033868923386229,0.001309978920187959,0.0,0.0,0.0,0.0,0.0,0.0,0.0,0.0,0.0,0.0,0.0
147,2026-03-29 21:01:27.355962,JUP,Jupiter,0.142394,505480053.0,97,13306334.0,-2.85938,-7.09098711599397,0.026324152498258917,0.25871781402574184,Medium,balanced,0.157741,0.10777841762995632,1,0.010309278350515464,0.006810527190429818,0.0026671939590282665,0.0,0.0,0.0,0.0,0.0,0.0,0.0,0.0,0.0,0.0,0.0
143,2026-03-29 21:01:27.355962,KAIA,Kaia,0.04585778,268562451.0,134,6174650.0,-0.81582,-9.513595925100224,0.022991486624464864,0.2815855462982179,Medium,balanced,0.04703741,0.025723661284955377,1,0.007462686567164179,0.006474070321358109,0.002101384673867298,0.0,0.0,0.0,0.0,0.0,0.0,0.0,0.0,0.0,0.0,0.0
178,2026-03-29 21:01:27.355962,KAS,Kaspa,0.03273261,893669372.0,70,20828093.0,-6.49882,-10.987320303975547,0.023306262531284334,0.13168368462015748,Medium,balanced,0.03080509,-0.05888684098212767,0,0.014285714285714285,0.003069054524844239,0.0018811954945736782,0.0,0.0,0.0,0.0,0.0,0.0,0.0,0.0,0.0,0.0,0.0
22,2026-03-29 21:01:27.355962,KCS,KuCoin,8.01,1059202494.0,64,5041928.0,0.54457,1.1515638621221045,0.00476011719058509,0.5587616238113533,Medium,safer,7.98,-0.0037453183520598453,0,0.015625,0.0026597708109436617,0.008730650372052395,0.0,0.0,0.0,0.0,0.0,0.0,0.0,0.0,0.0,0.0,0.0
134,2026-03-29 21:01:27.355962,KITE,Kite,0.161276,290257095.0,128,87723186.0,-4.05408,-25.969124136620763,0.3022258112243561,0.2959446846653147,Medium,balanced,0.147424,-0.08589002703440067,0,0.0078125,0.089442122400511,0.002312067848947771,0.0,0.0,0.0,0.0,0.0,0.0,0.0,0.0,0.0,0.0,0.0
16,2026-03-29 21:01:27.355962,KOGE,KOGE,47.96,162106340.0,191,72671665.0,-0.00792,-0.0788825212390816,0.448296254174883,0.5866755593767412,Medium,speculative,47.99,0.0006255212677231263,0,0.005235602094240838,0.2630044556845472,0.0030715997873127813,0.0,0.0,0.0,0.0,0.0,0.0,0.0,0.0,0.0,0.0,0.0
14,2026-03-29 21:01:27.355962,LDO,Lido DAO,0.306919,260607771.0,141,21363951.0,-1.50178,8.116424048343276,0.08197741348242452,0.5895950335800082,Medium,balanced,0.308589,0.005441175033152086,0,0.0070921985815602835,0.0483334758549723,0.004181525060851122,0.0,0.0,0.0,0.0,0.0,0.0,0.0,0.0,0.0,0.0,0.0
65,2026-03-29 21:01:27.355962,LINK,Chainlink,8.45,5980547164.0,18,241405256.0,-1.80781,-3.0057932621609713,0.04036507854216798,0.4135308088804812,Low,balanced,8.54,0.010650887573964481,1,0.05555555555555555,0.016692203580066883,0.0229739338266934,0.0,0.0,0.0,0.0,0.0,0.0,0.0,0.0,0.0,0.0,0.0
183,2026-03-29 21:01:27.355962,LIT,Lighter,0.829497,207374242.0,163,12714742.0,-4.69494,-15.013699960410609,0.06131302459444312,0.10179306179901162,Medium,speculative,0.966608,0.16529414814037902,1,0.006134969325153374,0.006241240501626468,0.000624497311650378,0.0,0.0,0.0,0.0,0.0,0.0,0.0,0.0,0.0,0.0,0.0
32,2026-03-29 21:01:27.355962,LTC,Litecoin,53.59,4126583197.0,24,287377004.0,-1.0223,-0.7169130621851456,0.06964042411865615,0.507937507917094,Low,balanced,52.73,-0.016047770106363247,0,0.041666666666666664,0.035372983477119695,0.021164062829878916,0.0,0.0,0.0,0.0,0.0,0.0,0.0,0.0,0.0,0.0,0.0
119,2026-03-29 21:01:27.355962,LUNC,Terra Luna Classic,3.642e-05,198683292.0,165,5990063.0,-1.4319,-3.2527096468009242,0.030148800836257535,0.32095527908357546,Medium,speculative,3.608e-05,-0.009335529928610658,0,0.006060606060606061,0.00967641678643617,0.001945183509597427,0.0,0.0,0.0,0.0,0.0,0.0,0.0,0.0,0.0,0.0,0.0
68,2026-03-29 21:01:27.355962,M,MemeCore,2.08,3659530896.0,29,12799626.0,-5.95339,23.23465058300942,0.003497613864659663,0.4120080321285141,High,speculative,2.55,0.22596153846153832,1,0.034482758620689655,0.0014410450055238348,0.014207173521672901,0.0,0.0,0.0,0.0,0.0,0.0,0.0,0.0,0.0,0.0,0.0
132,2026-03-29 21:01:27.355962,MANA,Decentraland,0.080712,156135455.0,194,8687517.0,-2.36861,-3.7046917544663898,0.05564089847498123,0.2966362710612674,Medium,speculative,0.084687,0.04924918227772812,1,0.005154639175257732,0.016505108642116992,0.0015290529436147802,0.0,0.0,0.0,0.0,0.0,0.0,0.0,0.0,0.0,0.0,0.0
100,2026-03-29 21:01:27.355962,MNT,Mantle,0.675231,2213854291.0,40,21858622.0,-0.60567,-5.8217756970635435,0.009873559469953391,0.3647505657960156,Medium,balanced,0.658838,-0.024277617585685477,0,0.025,0.0036013864030861073,0.00911876414490039,0.0,0.0,0.0,0.0,0.0,0.0,0.0,0.0,0.0,0.0,0.0
30,2026-03-29 21:01:27.355962,MON,Monad,0.02223969,240837401.0,146,70099215.0,-6.39849,4.821423232515177,0.2910644887751467,0.5306857701513339,Medium,balanced,0.02637409,0.18590187183364515,1,0.00684931506849315,0.154463782389343,0.003634834042132424,0.0,0.0,0.0,0.0,0.0,0.0,0.0,0.0,0.0,0.0,0.0
170,2026-03-29 21:01:27.355962,MORPHO,Morpho,1.47,811579304.0,77,6602994.0,-2.15206,-12.911626373741264,0.008135981249714076,0.1927181760082879,Medium,balanced,1.46,-0.00680272108843538,0,0.012987012987012988,0.0015679514664825275,0.00250283345465309,0.0,0.0,0.0,0.0,0.0,0.0,0.0,0.0,0.0,0.0,0.0
71,2026-03-29 21:01:27.355962,MX,MX,1.78,163432527.0,190,7335523.0,-0.07777,-0.6038588991327763,0.04488410682164879,0.4038210935224265,Medium,speculative,1.78,0.0,0,0.005263157894736842,0.018125149098495618,0.002125374176433824,0.0,0.0,0.0,0.0,0.0,0.0,0.0,0.0,0.0,0.0,0.0
43,2026-03-29 21:01:27.355962,NEAR,NEAR Protocol,1.17,1508166663.0,51,262815694.0,-1.61902,-8.53479479801065,0.17426170492140097,0.471374933324853,Medium,balanced,1.24,0.05982905982905989,1,0.0196078431372549,0.08214259953840058,0.009242645751467705,0.0,0.0,0.0,0.0,0.0,0.0,0.0,0.0,0.0,0.0,0.0
125,2026-03-29 21:01:27.355962,NEO,NEO,2.56,180333473.0,180,5081627.0,-2.10843,-1.1965794662484697,0.02817905580956676,0.308263772379962,Medium,speculative,2.73,0.06640624999999997,1,0.005555555555555556,0.008686582045962532,0.0017125765132220113,0.0,0.0,0.0,0.0,0.0,0.0,0.0,0.0,0.0,0.0,0.0
67,2026-03-29 21:01:27.355962,NEXO,NEXO,0.877844,875625631.0,72,5570449.0,-0.26821,-1.0642719765885398,0.006361678784617487,0.41203053474015777,Medium,balanced,0.849601,-0.03217314238065067,0,0.013888888888888888,0.0026212059114710602,0.005722646315835524,0.0,0.0,0.0,0.0,0.0,0.0,0.0,0.0,0.0,0.0,0.0
46,2026-03-29 21:01:27.355962,NFT,AINFT,3.27406e-07,324178052.0,121,5892078.0,0.01686,-1.7707882737519003,0.018175437737530734,0.4542171540625301,Medium,balanced,3.28375e-07,0.0029596281069986913,0,0.008264462809917356,0.00825559560298192,0.0037538607773762818,0.0,0.0,0.0,0.0,0.0,0.0,0.0,0.0,0.0,0.0,0.0
5,2026-03-29 21:01:27.355962,NIGHT,Midnight,0.0490593,814776496.0,76,437187940.0,-4.44647,15.698012051615551,0.536574069264757,0.6441164683305446,Medium,balanced,0.04211446,-0.14156011194615498,0,0.013157894736842105,0.3456161944925643,0.008475216688559797,0.0,0.0,0.0,0.0,0.0,0.0,0.0,0.0,0.0,0.0,0.0
56,2026-03-29 21:01:27.355962,OKB,OKB,83.89,1761791252.0,46,14992278.0,-0.16691,-0.6026110197433855,0.008509678988915765,0.44034790369311055,Low,balanced,82.35,-0.018357372750029875,0,0.021739130434782608,0.0037472193038703655,0.00957278051506762,0.0,0.0,0.0,0.0,0.0,0.0,0.0,0.0,0.0,0.0,0.0
66,2026-03-29 21:01:27.355962,ONDO,Ondo,0.259858,1264988868.0,59,44359956.0,-5.94888,5.667470824291992,0.03506746748699452,0.4132144808279332,Medium,balanced,0.249551,-0.03966397032225286,0,0.01694915254237288,0.014490385371588869,0.007003635268270055,0.0,0.0,0.0,0.0,0.0,0.0,0.0,0.0,0.0,0.0,0.0
40,2026-03-29 21:01:27.355962,ONYC,Onchain Yield Coin,1.088,145584298.0,205,5164771.0,0.01453,0.1447228065484419,0.035476154166021394,0.4819674042459245,High,speculative,1.09,0.0018382352941176486,0,0.004878048780487805,0.017098349936025572,0.0023510605085167047,0.0,0.0,0.0,0.0,0.0,0.0,0.0,0.0,0.0,0.0,0.0
92,2026-03-29 21:01:27.355962,OP,Optimism,0.102702,217170042.0,155,38708034.0,-1.73515,-10.42127064944492,0.178238368623606,0.38078814621687235,Medium,speculative,0.107263,0.04441004070027843,1,0.0064516129032258064,0.06787105797290248,0.0024566977175282086,0.0,0.0,0.0,0.0,0.0,0.0,0.0,0.0,0.0,0.0,0.0
11,2026-03-29 21:01:27.355962,PAXG,PAX Gold,4511.66,2319663645.0,39,90230752.0,0.24121,0.4167723376055369,0.03889820500247569,0.6040107846278014,Low,safer,4646.83,0.02996014770616582,1,0.02564102564102564,0.023494935324158413,0.015487456016097472,0.0,0.0,0.0,0.0,0.0,0.0,0.0,0.0,0.0,0.0,0.0
150,2026-03-29 21:01:27.355962,PENDLE,Pendle,1.12,186721562.0,175,15058169.0,-3.85839,-5.328840703418536,0.08064504623199328,0.2549062751523066,Medium,speculative,1.001,-0.10625000000000018,0,0.005714285714285714,0.02055692834448297,0.0014566072865846093,0.0,0.0,0.0,0.0,0.0,0.0,0.0,0.0,0.0,0.0,0.0
104,2026-03-29 21:01:27.355962,PENGU,Pudgy Penguins,0.00631071,396642586.0,111,53614045.0,-3.17324,-6.642035328153989,0.13516966380407777,0.3584144464824683,Medium,balanced,0.00608158,-0.03630811747014205,0,0.009009009009009009,0.048446760233559864,0.003228958977319534,0.0,0.0,0.0,0.0,0.0,0.0,0.0,0.0,0.0,0.0,0.0
15,2026-03-29 21:01:27.355962,PEPE,Pepe,3.29e-06,1385136895.0,54,155696808.0,-1.50074,0.7805457742083834,0.11240535759463688,0.5889811446123835,High,speculative,3.33e-06,0.012158054711246213,1,0.018518518518518517,0.06620463617665351,0.010907058233562656,0.0,0.0,0.0,0.0,0.0,0.0,0.0,0.0,0.0,0.0,0.0
115,2026-03-29 21:01:27.355962,PI,Pi Network,0.177606,1769302174.0,45,14995776.0,-1.27225,-6.224675536024502,0.008475531325493075,0.3293993394627951,Medium,balanced,0.169645,-0.044823936128284086,0,0.022222222222222223,0.002791834420213647,0.007319985321395447,0.0,0.0,0.0,0.0,0.0,0.0,0.0,0.0,0.0,0.0,0.0
165,2026-03-29 21:01:27.355962,PIEVERSE,Pieverse,0.508027,109258462.0,247,1859177.0,-1.73666,-4.544117703359844,0.017016320438411444,0.21018755194978989,High,speculative,0.536483,0.0560127709747711,1,0.004048582995951417,0.003576618736142877,0.0008509617487845744,0.0,0.0,0.0,0.0,0.0,0.0,0.0,0.0,0.0,0.0,0.0
38,2026-03-29 21:01:27.355962,POL,POL (ex-MATIC),0.092073,978061251.0,68,55816420.0,-0.48743,-0.8417306915902725,0.057068429960732595,0.48697370146581126,Medium,balanced,0.090149,-0.020896462589467,0,0.014705882352941176,0.027790824574820353,0.007161377962732519,0.0,0.0,0.0,0.0,0.0,0.0,0.0,0.0,0.0,0.0,0.0
70,2026-03-29 21:01:27.355962,PUMP,Pump.fun,0.00171894,1013645834.0,65,38863471.0,-1.17652,-3.097085455619988,0.03834028582413135,0.4048137436063812,Medium,balanced,0.00164045,-0.04566186137968752,0,0.015384615384615385,0.01552067463540528,0.0062279037477904805,0.0,0.0,0.0,0.0,0.0,0.0,0.0,0.0,0.0,0.0,0.0
112,2026-03-29 21:01:27.355962,PYTH,Pyth Network,0.03718534,213722850.0,158,18354188.0,-2.68176,-3.914247709606121,0.08587845426916214,0.33377298777547665,Medium,speculative,0.0398382,0.07134155557001765,1,0.006329113924050633,0.028663908266957888,0.002112487264401751,0.0,0.0,0.0,0.0,0.0,0.0,0.0,0.0,0.0,0.0,0.0
146,2026-03-29 21:01:27.355962,QNT,Quant,68.85,1003473582.0,66,9845186.0,-3.15097,-4.16742921112256,0.00981110631769477,0.2693086352913669,Medium,balanced,74.84,0.08700072621641262,1,0.015151515151515152,0.0026422156531168864,0.0040804338680510135,0.0,0.0,0.0,0.0,0.0,0.0,0.0,0.0,0.0,0.0,0.0
142,2026-03-29 21:01:27.355962,QUBIC,Qubic,9.88875e-07,135040857.0,211,2399248.0,-5.18008,5.399560632770093,0.017766830374899057,0.2816510476590167,High,speculative,9.17913e-07,-0.0717603337125521,0,0.004739336492890996,0.0050040463886703605,0.001334839088431359,0.0,0.0,0.0,0.0,0.0,0.0,0.0,0.0,0.0,0.0,0.0
19,2026-03-29 21:01:27.355962,RAIN,Rain,0.00842025,4026620686.0,25,29925384.0,2.37888,-2.0362317376335852,0.0074318855272477976,0.5667760232763286,Low,balanced,0.00713877,-0.15219025563374017,0,0.04,0.004212214524578407,0.022671040931053144,0.0,0.0,0.0,0.0,0.0,0.0,0.0,0.0,0.0,0.0,0.0
128,2026-03-29 21:01:27.355962,RAY,Raydium,0.561698,151001101.0,199,8578094.0,-2.11919,-3.93985431459067,0.056808155325966794,0.3013503069881915,Medium,speculative,0.596136,0.06131052629704924,1,0.005025125628140704,0.01711915504691296,0.0015143231506944295,0.0,0.0,0.0,0.0,0.0,0.0,0.0,0.0,0.0,0.0,0.0
127,2026-03-29 21:01:27.355962,REAL,RealLink,0.055547,176278502.0,182,4437594.0,-1.04497,-4.556758940480849,0.025173767360469175,0.30441774860072607,Medium,speculative,0.059038,0.06284767854249557,1,0.005494505494505495,0.007663341583672469,0.0016726249923116818,0.0,0.0,0.0,0.0,0.0,0.0,0.0,0.0,0.0,0.0,0.0
42,2026-03-29 21:01:27.355962,RENDER,Render,1.66,861204451.0,73,30660031.0,-2.14383,1.6537271509906386,0.03560133829359412,0.4774859540677924,Medium,safer,1.85,0.11445783132530131,1,0.0136986301369863,0.01699913898120702,0.006540903480380717,0.0,0.0,0.0,0.0,0.0,0.0,0.0,0.0,0.0,0.0,0.0
51,2026-03-29 21:01:27.355962,RIVER,River,14.62,286730038.0,129,23029189.0,3.77512,-52.96285279092283,0.08031662521524864,0.44903628328622514,Medium,balanced,11.96,-0.18194254445964422,0,0.007751937984496124,0.036065078872747965,0.0034809014208234505,0.0,0.0,0.0,0.0,0.0,0.0,0.0,0.0,0.0,0.0,0.0
54,2026-03-29 21:01:27.355962,RUNE,THORChain,0.395855,138950501.0,207,18551834.0,-0.89764,-1.7906439666333984,0.13351397703848508,0.4427638018722397,High,speculative,0.377017,-0.04758813201803696,0,0.004830917874396135,0.05911515607664257,0.002138955564600192,0.0,0.0,0.0,0.0,0.0,0.0,0.0,0.0,0.0,0.0,0.0
151,2026-03-29 21:01:27.355962,S,Sonic,0.04012776,151909441.0,198,8569135.0,-3.0851,-4.991198612350603,0.056409495970694806,0.2512618849523914,Medium,speculative,0.04065946,0.01325017892850244,1,0.005050505050505051,0.014173556286811103,0.0012689994189514716,0.0,0.0,0.0,0.0,0.0,0.0,0.0,0.0,0.0,0.0,0.0
131,2026-03-29 21:01:27.355962,SAND,The Sandbox,0.072711,193888685.0,167,14895631.0,-2.49266,-6.2069429093829065,0.07682568479950236,0.2987502254824406,Medium,speculative,0.07521,0.03436894005033628,1,0.005988023952095809,0.02295169065669424,0.0017889235058828781,0.0,0.0,0.0,0.0,0.0,0.0,0.0,0.0,0.0,0.0,0.0
172,2026-03-29 21:01:27.355962,SEI,Sei,0.05239,352813635.0,117,24767667.0,-4.36201,-12.186893709683392,0.07020042465195542,0.1789806540046216,Medium,balanced,0.052573,0.0034930330215690517,0,0.008547008547008548,0.012564517915609141,0.0015297491795266806,0.0,0.0,0.0,0.0,0.0,0.0,0.0,0.0,0.0,0.0,0.0
1,2026-03-29 21:01:27.355962,SENT,Sentient,0.01919949,138765067.0,208,92189473.0,17.76054,-1.5021863986985633,0.6643564911044939,0.683660092740421,High,speculative,0.01587335,-0.17324106004899079,0,0.004807692307692308,0.45419402032119904,0.003286827368944332,0.0,0.0,0.0,0.0,0.0,0.0,0.0,0.0,0.0,0.0,0.0
168,2026-03-29 21:01:27.355962,SFP,SafePal,0.279183,139606072.0,206,1584625.0,-2.11721,-5.974184538303471,0.011350688242270724,0.1989130999296031,High,speculative,0.299566,0.07300945974504172,1,0.0048543689320388345,0.0022578005846045674,0.0009655975724738013,0.0,0.0,0.0,0.0,0.0,0.0,0.0,0.0,0.0,0.0,0.0
35,2026-03-29 21:01:27.355962,SHIB,Shiba Inu,5.82e-06,3427972358.0,31,79466650.0,-2.05743,1.802524158334673,0.023181823451564717,0.4978475790103132,High,speculative,5.81e-06,-0.0017182130584192275,0,0.03225806451612903,0.011541014682405997,0.01605959932291333,0.0,0.0,0.0,0.0,0.0,0.0,0.0,0.0,0.0,0.0,0.0
177,2026-03-29 21:01:27.355962,SIREN,Siren,1.8,1312249256.0,58,39702539.0,-4.36432,-31.710516231850853,0.030255333594946233,0.14060036706546677,Medium,balanced,0.590181,-0.6721216666666666,0,0.017241379310344827,0.004253911009137589,0.0024241442597494273,0.0,0.0,0.0,0.0,0.0,0.0,0.0,0.0,0.0,0.0,0.0
24,2026-03-29 21:01:27.355962,SKY,Sky,0.071792,1657585070.0,48,8948907.0,1.91222,-1.5132165934619022,0.005398761826444299,0.5564493730025196,Low,balanced,0.074279,0.03464174281256969,1,0.020833333333333332,0.0030041376333148676,0.011592695270885824,0.0,0.0,0.0,0.0,0.0,0.0,0.0,0.0,0.0,0.0,0.0
95,2026-03-29 21:01:27.355962,SN64,Chutes,27.08,126987561.0,224,1074916.0,-3.18832,14.713250707000194,0.008464734589240595,0.37091261135142234,High,speculative,26.26,-0.030280649926144636,0,0.004464285714285714,0.0031396768108919388,0.0016558598721045639,0.0,0.0,0.0,0.0,0.0,0.0,0.0,0.0,0.0,0.0,0.0
89,2026-03-29 21:01:27.355962,SOL,Solana,81.83,46838577621.0,7,1703690391.0,-1.83786,-5.570123095401981,0.03637365773114667,0.3843395974899436,Medium,balanced,79.63,-0.026885005499205705,0,0.14285714285714285,0.013979836971625886,0.054905656784277654,0.0,0.0,0.0,0.0,0.0,0.0,0.0,0.0,0.0,0.0,0.0
20,2026-03-29 21:01:27.355962,SOSO,SoSoValue,0.417647,130269892.0,218,2749183.0,2.37144,3.3358978777945256,0.021103748209141064,0.5633208487358995,High,speculative,0.408632,-0.021585214307776653,0,0.0045871559633027525,0.011888181352682064,0.0025840405905316493,0.0,0.0,0.0,0.0,0.0,0.0,0.0,0.0,0.0,0.0,0.0
176,2026-03-29 21:01:27.355962,SPX,SPX6900,0.266585,248097952.0,145,2739148.0,-3.88749,-8.250700369025852,0.011040590935631745,0.14126383013254068,Medium,balanced,0.25956,-0.026351820244950027,0,0.006896551724137931,0.0015596361624939511,0.0009742333112589013,0.0,0.0,0.0,0.0,0.0,0.0,0.0,0.0,0.0,0.0,0.0
149,2026-03-29 21:01:27.355962,STRK,Starknet,0.03367494,190229534.0,168,9475151.0,-2.6903,-5.996475812673897,0.04980904279563656,0.2553335231357496,Medium,speculative,0.03275779,-0.027235386313977056,0,0.005952380952380952,0.01271791838102921,0.001519842399617557,0.0,0.0,0.0,0.0,0.0,0.0,0.0,0.0,0.0,0.0,0.0
164,2026-03-29 21:01:27.355962,STX,Stacks,0.215914,396850246.0,110,9141801.0,-3.6431,-7.404875067247489,0.02303589601403447,0.21296662782327425,Medium,balanced,0.208919,-0.0323971581277731,0,0.00909090909090909,0.004905877092996526,0.0019360602529388568,0.0,0.0,0.0,0.0,0.0,0.0,0.0,0.0,0.0,0.0,0.0
139,2026-03-29 21:01:27.355962,SUI,Sui,0.841714,3280061266.0,32,297494283.0,-4.82111,-8.042285528416649,0.09069778241148256,0.28582797060081216,Medium,balanced,0.852444,0.012747797945620505,1,0.03125,0.025923963084668097,0.00893212408127538,0.0,0.0,0.0,0.0,0.0,0.0,0.0,0.0,0.0,0.0,0.0
2,2026-03-29 21:01:27.355962,SUN,Sun Token,0.0174112,334747794.0,120,77686797.0,1.51862,-7.177864947005458,0.23207560555275833,0.6649439160046886,Medium,balanced,0.01724802,-0.009372128285241818,0,0.008333333333333333,0.15431726196541057,0.005541199300039072,0.0,0.0,0.0,0.0,0.0,0.0,0.0,0.0,0.0,0.0,0.0
180,2026-03-29 21:01:27.355962,SYRUP,Maple Finance,0.201007,232683774.0,150,4217464.0,-3.09902,-12.373280008101458,0.018125303399969782,0.12508816177079823,Medium,balanced,0.203916,0.014472132811295104,1,0.006666666666666667,0.0022672608838402194,0.0008339210784719883,0.0,0.0,0.0,0.0,0.0,0.0,0.0,0.0,0.0,0.0,0.0
7,2026-03-29 21:01:27.355962,TAO,Bittensor,315.84,3030528557.0,33,203270742.0,-1.57761,19.045219339520784,0.06707435293110159,0.6418890732502911,Low,safer,298.47,-0.05499620060790258,0,0.030303030303030304,0.04305429424180775,0.01945118403788761,0.0,0.0,0.0,0.0,0.0,0.0,0.0,0.0,0.0,0.0,0.0
155,2026-03-29 21:01:27.355962,THETA,Theta Network,0.150878,150754362.0,200,6706184.0,-2.38099,-6.156210275349086,0.044484178839216605,0.2397776186849872,Medium,speculative,0.158967,0.05361285276846183,1,0.005,0.010666310471224455,0.0011988880934249361,0.0,0.0,0.0,0.0,0.0,0.0,0.0,0.0,0.0,0.0,0.0
145,2026-03-29 21:01:27.355962,TIA,Celestia,0.292388,262364452.0,139,17995057.0,-3.30744,-6.608850368027894,0.0685880151172309,0.27236158057683396,Medium,balanced,0.28259,-0.03351026717922751,0,0.007194244604316547,0.018680740205956788,0.001959435831488014,0.0,0.0,0.0,0.0,0.0,0.0,0.0,0.0,0.0,0.0,0.0
96,2026-03-29 21:01:27.355962,TON,Toncoin,1.23,3018008780.0,34,54797695.0,-2.02944,-1.77909948985763,0.0181569037714993,0.37051589490668674,Low,balanced,1.25,0.016260162601626032,1,0.029411764705882353,0.006727421449631659,0.010897526320784903,0.0,0.0,0.0,0.0,0.0,0.0,0.0,0.0,0.0,0.0,0.0
171,2026-03-29 21:01:27.355962,TRAC,OriginTrail,0.28244,126327980.0,226,2775666.0,-1.84951,-9.084601216548352,0.02197190202835508,0.186584477023267,High,speculative,0.287004,0.016159184251522293,1,0.004424778761061947,0.004099615849167092,0.0008255950310764027,0.0,0.0,0.0,0.0,0.0,0.0,0.0,0.0,0.0,0.0,0.0
122,2026-03-29 21:01:27.355962,TRUMP,Official Trump,2.89,672303759.0,82,74488898.0,-3.16993,-10.121315050875046,0.11079649191727932,0.31155456033783663,High,speculative,2.83,-0.0207612456747405,0,0.012195121951219513,0.034519152326262625,0.0037994458577784956,0.0,0.0,0.0,0.0,0.0,0.0,0.0,0.0,0.0,0.0,0.0
3,2026-03-29 21:01:27.355962,TRX,TRON,0.323325,30636851285.0,8,510694399.0,2.1105,1.6326458800109338,0.016669284785477915,0.6552578440343402,Low,safer,0.31792,-0.016716925693961163,0,0.125,0.010922679610126686,0.08190723050429252,0.0,0.0,0.0,0.0,0.0,0.0,0.0,0.0,0.0,0.0,0.0
162,2026-03-29 21:01:27.355962,TWT,Trust Wallet,0.435573,181467181.0,179,7264288.0,-1.17197,-12.230559942840454,0.04003086376263265,0.22185985189073165,Medium,speculative,0.397006,-0.08854313743046507,0,0.00558659217877095,0.008881241505435736,0.0012394405133560429,0.0,0.0,0.0,0.0,0.0,0.0,0.0,0.0,0.0,0.0,0.0
166,2026-03-29 21:01:27.355962,ULTIMA,Ultima,3654.37,138002259.0,209,4535226.0,-2.91969,-5.587961902578297,0.03286341856186571,0.20896564556354474,High,speculative,3174.14,-0.13141252801440467,0,0.004784688995215311,0.006867325475205248,0.0009998356247059557,0.0,0.0,0.0,0.0,0.0,0.0,0.0,0.0,0.0,0.0,0.0
52,2026-03-29 21:01:27.355962,UNI,Uniswap,3.4,2150885311.0,42,105341748.0,-1.15095,-1.6782312370122336,0.04897599488976193,0.448008718265645,Low,balanced,3.08,-0.09411764705882349,0,0.023809523809523808,0.02194167269634702,0.010666874244420118,0.0,0.0,0.0,0.0,0.0,0.0,0.0,0.0,0.0,0.0,0.0
124,2026-03-29 21:01:27.355962,VET,VeChain,0.00660719,568113407.0,91,12138322.0,-2.44597,-4.045330457444276,0.02136601926734674,0.3110967812768641,Medium,balanced,0.00741246,0.1218778330878937,1,0.01098901098901099,0.006646899822771032,0.0034186459480974075,0.0,0.0,0.0,0.0,0.0,0.0,0.0,0.0,0.0,0.0,0.0
78,2026-03-29 21:01:27.355962,VIRTUAL,Virtuals Protocol,0.652243,428148732.0,104,35484880.0,-2.92463,-0.5563771740098339,0.08287979701408996,0.3971754175744972,Medium,balanced,0.618145,-0.052278062010631114,0,0.009615384615384616,0.032917817987560744,0.003818994399754781,0.0,0.0,0.0,0.0,0.0,0.0,0.0,0.0,0.0,0.0,0.0
110,2026-03-29 21:01:27.355962,VSN,Vision,0.051308,187651776.0,173,4199615.0,-1.17261,-1.3620813854077674,0.022379830820252935,0.3415830169153723,Medium,speculative,0.058146,0.1332735635768302,1,0.005780346820809248,0.007644570129637629,0.0019744683058692037,0.0,0.0,0.0,0.0,0.0,0.0,0.0,0.0,0.0,0.0,0.0
26,2026-03-29 21:01:27.355962,VVV,Venice Token,5.99,269845907.0,133,9813042.0,0.10663,1.247407128835705,0.03636535424641442,0.5461141391893705,Medium,balanced,7.09,0.18363939899833048,1,0.007518796992481203,0.019859634130597128,0.004106121347288499,0.0,0.0,0.0,0.0,0.0,0.0,0.0,0.0,0.0,0.0,0.0
185,2026-03-29 21:01:27.355962,WAL,Walrus,0.066339,148698809.0,204,6793281.0,-5.79735,-14.367916229022585,0.04568483800028284,0.025943019138468512,High,speculative,0.069608,0.0492771974253457,1,0.004901960784313725,0.0011852026265791714,0.0001271716624434731,0.0,0.0,0.0,0.0,0.0,0.0,0.0,0.0,0.0,0.0,0.0
77,2026-03-29 21:01:27.355962,WBT,WhiteBIT Coin,51.39,10965843006.0,12,26082061.0,-0.73854,-3.7809126191276596,0.0023784820725346067,0.3981284925091667,Low,balanced,51.08,-0.006032302004281033,0,0.08333333333333333,0.0009469414819982814,0.03317737437576389,0.0,0.0,0.0,0.0,0.0,0.0,0.0,0.0,0.0,0.0,0.0
82,2026-03-29 21:01:27.355962,WFI,WeFi,2.12,174113922.0,183,1244022.0,-0.88159,0.3838937709905733,0.007144873802796769,0.395299729210353,Medium,speculative,2.17,0.023584905660377273,1,0.00546448087431694,0.002824366679487708,0.002160107809892639,0.0,0.0,0.0,0.0,0.0,0.0,0.0,0.0,0.0,0.0,0.0
37,2026-03-29 21:01:27.355962,WIF,dogwifhat,0.172674,172331357.0,185,32077111.0,-3.73245,0.7757558283889943,0.186136241009232,0.48810311374917426,Medium,speculative,0.176988,0.024983494909482682,1,0.005405405405405406,0.09085367881817288,0.0026383952094549963,0.0,0.0,0.0,0.0,0.0,0.0,0.0,0.0,0.0,0.0,0.0
36,2026-03-29 21:01:27.355962,WLD,Worldcoin,0.275382,854069719.0,74,97051482.0,0.05531,-10.884762639290843,0.11363414466167251,0.4953524196778414,Medium,balanced,0.249862,-0.09267127117967047,0,0.013513513513513514,0.05628894851618134,0.006693951617268127,0.0,0.0,0.0,0.0,0.0,0.0,0.0,0.0,0.0,0.0,0.0
31,2026-03-29 21:01:27.355962,WLFI,World Liberty Financial,0.09856,2834713492.0,36,35950754.0,-0.31212,1.24837546178104,0.012682323663911216,0.5276904047347517,Low,safer,0.097292,-0.012865259740259653,0,0.027777777777777776,0.006692340507186429,0.014658066798187546,0.0,0.0,0.0,0.0,0.0,0.0,0.0,0.0,0.0,0.0,0.0
6,2026-03-29 21:01:27.355962,XAUT,Tether Gold,4493.78,2514829018.0,38,187645369.0,0.11231,0.20972099299572325,0.0746155574223615,0.6430509141577843,Low,safer,4634.78,0.03137670290935471,1,0.02631578947368421,0.04798160241084221,0.016922392477836428,0.0,0.0,0.0,0.0,0.0,0.0,0.0,0.0,0.0,0.0,0.0
60,2026-03-29 21:01:27.355962,XCN,Onyxcoin,0.00501802,188287222.0,172,5323475.0,-1.0696,0.347690070882769,0.02827316130884336,0.43269515125178326,Medium,speculative,0.00472604,-0.05818629658710006,0,0.005813953488372093,0.012233659808896043,0.0025156694840219956,0.0,0.0,0.0,0.0,0.0,0.0,0.0,0.0,0.0,0.0,0.0
114,2026-03-29 21:01:27.355962,XDC,XDC Network,0.03019853,602204786.0,88,6951331.0,-2.24883,-1.047611107456126,0.011543134763462342,0.3299406348152962,Medium,balanced,0.03075426,0.018402551382467866,1,0.011363636363636364,0.0038085492116152787,0.0037493253956283655,0.0,0.0,0.0,0.0,0.0,0.0,0.0,0.0,0.0,0.0,0.0
121,2026-03-29 21:01:27.355962,XEC,eCash,6.63e-06,132598603.0,213,3052426.0,-0.89109,-2.4350517077621947,0.023020046448000663,0.31432695472275307,High,speculative,6.73e-06,0.01508295625942683,1,0.004694835680751174,0.0072358210975763775,0.0014757134024542399,0.0,0.0,0.0,0.0,0.0,0.0,0.0,0.0,0.0,0.0,0.0
50,2026-03-29 21:01:27.355962,XLM,Stellar,0.164735,5442704309.0,21,87924697.0,-3.72204,4.6527357505742195,0.016154597422205836,0.4497276180628116,Medium,balanced,0.158989,-0.03488026223935412,0,0.047619047619047616,0.007265168619452267,0.021415600860133884,0.0,0.0,0.0,0.0,0.0,0.0,0.0,0.0,0.0,0.0,0.0
140,2026-03-29 21:01:27.355962,XMR,Monero,328.63,6062040784.0,17,68912222.0,-2.18195,-8.624352309185964,0.011367825531937234,0.28551233324904474,Medium,balanced,325.85,-0.00845936159206394,0,0.058823529411764705,0.0032456543915914625,0.01679484313229675,0.0,0.0,0.0,0.0,0.0,0.0,0.0,0.0,0.0,0.0,0.0
108,2026-03-29 21:01:27.355962,XPL,Plasma,0.087661,207954112.0,162,28844113.0,-3.34401,-4.77695310289248,0.13870422047725606,0.3451331803233694,Medium,speculative,0.115765,0.3205986698759996,1,0.006172839506172839,0.047871428737589206,0.002130451730391169,0.0,0.0,0.0,0.0,0.0,0.0,0.0,0.0,0.0,0.0,0.0
99,2026-03-29 21:01:27.355962,XRP,XRP,1.32,81154182882.0,5,1175086596.0,-1.66193,-4.459807941240978,0.014479679965586028,0.36721160749442955,Low,balanced,1.3,-0.015151515151515164,0,0.2,0.005317106556167732,0.07344232149888591,0.0,0.0,0.0,0.0,0.0,0.0,0.0,0.0,0.0,0.0,0.0
159,2026-03-29 21:01:27.355962,XTZ,Tezos,0.340555,367799869.0,114,9647951.0,-2.58135,-9.859299444840111,0.02623152375293532,0.22471565955532574,Medium,balanced,0.34151,0.0028042460101892017,0,0.008771929824561403,0.005894634161282055,0.0019711899960993483,0.0,0.0,0.0,0.0,0.0,0.0,0.0,0.0,0.0,0.0,0.0
88,2026-03-29 21:01:27.355962,ZANO,Zano,9.83,149673756.0,202,1843342.0,-1.00244,0.49716473366902003,0.012315732893079799,0.384691587027444,High,speculative,9.59,-0.024415055951169908,0,0.0049504950495049506,0.004737758832044962,0.0019044137971655644,0.0,0.0,0.0,0.0,0.0,0.0,0.0,0.0,0.0,0.0,0.0
91,2026-03-29 21:01:27.355962,ZBCN,Zebec Network,0.00229263,224540083.0,152,4312044.0,-0.18381,-0.564292707425515,0.019203894210727622,0.3822063067355856,Medium,speculative,0.00269656,0.17618630132206256,1,0.006578947368421052,0.007339849481223098,0.0025145151758920103,0.0,0.0,0.0,0.0,0.0,0.0,0.0,0.0,0.0,0.0,0.0
9,2026-03-29 21:01:27.355962,ZEC,Zcash,219.17,3638927061.0,30,151908569.0,0.52536,0.6462435369732632,0.04174542837862064,0.6263371726700191,Low,safer,245.48,0.12004380161518458,1,0.03333333333333333,0.026146713582564034,0.0208779057556673,0.0,0.0,0.0,0.0,0.0,0.0,0.0,0.0,0.0,0.0,0.0
118,2026-03-29 21:01:27.355962,ZK,ZKsync,0.01704314,163639954.0,189,8645221.0,-1.71882,-3.4086954064104655,0.052830746945822286,0.32603263570159363,Medium,speculative,0.0155696,-0.08645942003644863,0,0.005291005291005291,0.017224547672830357,0.0017250404005375323,0.0,0.0,0.0,0.0,0.0,0.0,0.0,0.0,0.0,0.0,0.0
61,2026-03-29 21:01:27.355962,ZRO,LayerZero,1.98,498746610.0,99,21583904.0,-3.02082,1.1483161539124453,0.043276292143619784,0.4278358069803006,Medium,balanced,1.85,-0.06565656565656561,0,0.010101010101010102,0.018515147372380813,0.004321573807881824,0.0,0.0,0.0,0.0,0.0,0.0,0.0,0.0,0.0,0.0,0.0
