id,symbol,name,current_price,market_cap,market_cap_rank,total_volume,price_change_percentage_24h,price_change_percentage_7d_in_currency,circulating_supply,volume_to_mcap,volume_to_mcap_capped,norm_24h,norm_7d,norm_volume_to_mcap,norm_rank_strength,rank_penalty,final_score,risk_level,bucket
unifai-network,uai,UnifAI Network,0.514227,122096175,238,7294975.0,25.43225,59.48372012586811,239000000.0,0.059747776701440485,0.059747776701440485,1.0,0.8544795314217138,0.03866141168022997,0.5250501002004008,0.0,0.6883129335690358,High,speculative
sahara-ai,sahara,Sahara AI,0.02730556,79582062,321,138199721.0,17.32744,20.515552193962908,2909166667.0,1.7365687383169337,1.5,0.839298368755936,0.5950301278120665,1.0,0.3587174348697395,0.08,0.6188280033194674,High,speculative
dexe,dexe,DeXe,6.11,286214939,135,19021316.0,11.53735,41.32421561596853,46752636.689831376,0.06645815227695015,0.06645815227695015,0.7244928510386863,0.7335738572526538,0.04314044867007162,0.7314629258517034,0.0,0.6059677354391293,High,momentum
river,river,River,25.45,499134487,99,51934791.0,4.58553,39.36765100035244,19600000.0,0.10404969472686426,0.10404969472686426,0.5866526284899641,0.7205470831037538,0.06823202621945187,0.8036072144288577,0.0,0.5768961736531876,High,momentum
kaspa,kas,Kaspa,0.03923297,1051390487,65,39471164.0,4.39056,28.624810686219064,26777148610.50726,0.037541869065817406,0.037541869065817406,0.5827867763547931,0.6490214338239082,0.023839427340641244,0.8717434869739479,0.0,0.5598379928968112,Medium,safer
quant-network,qnt,Quant,74.16,1078525628,63,38793524.0,6.43303,19.457439520309983,14544176.164081175,0.035969033088196586,0.035969033088196586,0.6232847350690706,0.5879852315107886,0.022789591836883717,0.875751503006012,0.0,0.5550991118071806,Medium,safer
zano,zano,Zano,8.25,125490591,231,2108400.0,12.21119,30.749943161871702,15204627.93,0.01680125962591092,0.01680125962591092,0.7378537055432952,0.6631705299364853,0.009995499258248578,0.5390781563126252,0.0,0.5446791658838098,High,speculative
official-trump,trump,Official Trump,3.37,782756152,78,152995008.0,-1.76971,22.93505490567872,232498807.465716,0.1954567940591542,0.1954567940591542,0.46064135432714903,0.6111391359821076,0.12924437559340787,0.845691382765531,0.0,0.5231492383392395,High,speculative
memecore,m,MemeCore,1.82,3189328257,32,13364825.0,-1.85944,24.194427543795204,1747863673.530089,0.004190482735876001,0.004190482735876001,0.4588621938814964,0.6195240177259093,0.0015780663552002897,0.9378757515030061,0.0,0.5205523096043889,High,speculative
siren-2,siren,Siren,0.82826,604987064,89,27076181.0,-7.31884,46.967712348898544,728213818.6871624,0.044754975124559025,0.044754975124559025,0.35061357539274185,0.7711481631371464,0.028654026536350317,0.8236472945891784,0.0,0.5134279767612,High,balanced
sun-token,sun,Sun Token,0.01733917,333015457,123,61398634.0,3.76654,8.890414909240894,19221656671.77119,0.18437172422299905,0.18437172422299905,0.5704137494819952,0.5176301602110253,0.12184532061169832,0.7555110220440882,0.0,0.5108558100164694,Medium,balanced
aethir,ath,Aethir,0.00672601,123571842,236,37595069.0,6.00246,15.928590624702233,18367688543.0,0.30423653472770923,0.30423653472770923,0.6147474218729863,0.5644902151940379,0.20185260395815693,0.5290581162324649,0.0,0.5082113315165282,High,speculative
build-on,b,BUILDon,0.239413,239554401,153,4731301.0,0.49945,32.35803418543111,1000000000.0,0.019750424038337745,0.019750424038337745,0.505634107217566,0.6738771727979506,0.0119640055428437,0.6953907815631263,0.0,0.5051977434593434,Medium,speculative
ripple,xrp,XRP,1.43,87779028220,4,2838876220.0,-0.46364,4.699624373195512,61227832454.0,0.032341167105255975,0.032341167105255975,0.4865380230360928,0.4897279476376775,0.02036806628307072,0.9939879759519038,0.0,0.5050743987841864,Low,safer
just,jst,JUST,0.059253,522320774,96,30225294.0,2.0867,12.033718731531355,8815108920.581306,0.05786730205756664,0.05786730205756664,0.5371059941824844,0.5385582239445391,0.03740623372579326,0.8096192384769539,0.0,0.5020983550877903,Medium,balanced
fetch-ai,fet,Artificial Superintelligence Alliance,0.204093,461264292,103,104443193.0,-6.20496,28.60997059245883,2260092822.776148,0.22642809081783422,0.22642809081783422,0.37269951362079873,0.6489226287304192,0.14991707598767076,0.7955911823647295,0.0,0.500043943128508,Medium,balanced
aave,aave,Aave,111.18,1687352010,49,392534270.0,-1.93916,3.284321336321905,15184035.409421552,0.23263330216437766,0.23263330216437766,0.457281511047133,0.4803048839338504,0.1540589262966741,0.9038076152304609,0.0,0.4989136784947312,Low,safer
bitcoin-cash,bch,Bitcoin Cash,452.66,9059380807,15,207543977.0,0.9974,-0.7571139811415686,20009778.02165078,0.022909289433957227,0.022909289433957227,0.5155074265523785,0.45339707588202854,0.014072482899095974,0.9719438877755511,0.0,0.49790332373831714,Low,balanced
conflux-token,cfx,Conflux,0.061608,319839053,127,13947530.0,1.28503,18.86879019976668,5189835932.13,0.04360796428446154,0.04360796428446154,0.5212105349774655,0.5840660142815602,0.02788842050987157,0.7474949899799599,0.0,0.4965260891650259,Medium,momentum
sosovalue,soso,SoSoValue,0.435067,135736677,216,3672094.0,5.5269,23.991749997688586,312001548.0,0.027053071293324796,0.027053071293324796,0.6053180499624261,0.6181745940487604,0.016838371636185397,0.5691382765531062,0.0,0.49601271640773903,High,speculative
tron,trx,TRON,0.299404,28366927971,8,499904281.0,-0.98093,3.4261662954962877,94751106508.4111,0.01762278529106362,0.01762278529106362,0.47628123147327495,0.48124928527514865,0.010543850658392638,0.9859719438877755,0.0,0.4958770615500584,Low,safer
litecoin,ltc,Litecoin,55.0,4235243040,24,371346040.0,-0.8033,1.8259769654550444,76966739.48347135,0.08767998353171251,0.08767998353171251,0.47980326724683203,0.47059525175560507,0.057305582366785575,0.9539078156312625,0.0,0.4958121889979416,Low,safer
ethereum,eth,Ethereum,2111.7,255041978826,2,26104089760.0,-2.9616,3.266860856366497,120691801.1632979,0.10235212995194516,0.10235212995194516,0.43700863903049336,0.480188632353353,0.06709893682170422,0.9979959919839679,0.0,0.4955763612204641,Low,safer
pepe,pepe,Pepe,3.37e-06,1418793413,55,333735281.0,-2.2517,2.965688114111888,420690000000000.0,0.23522471837131373,0.23522471837131373,0.4510844888061403,0.4781834293246147,0.15578864304893802,0.8917835671342685,0.0,0.4942007343910119,High,speculative
fartcoin,fartcoin,Fartcoin,0.190388,190625074,180,78260808.0,-5.41988,27.507548910290105,999978899.994322,0.4105483416100864,0.4105483416100864,0.3882660274141005,0.6415827237991731,0.2728135375340549,0.6412825651302605,0.0,0.4940828956944461,High,speculative
solana,sol,Solana,87.42,49966514342,7,3736799926.0,-1.67918,0.7144039788751793,571567780.7802554,0.07478608374446853,0.07478608374446853,0.46243637711935826,0.4631944175942276,0.04869917078214178,0.9879759519038076,0.0,0.49329900707801,Low,safer
lombard-protocol,bard,Lombard,0.597263,134415685,217,249024528.0,-0.22683,-48.57361622364623,225000000.0,1.8526448606053676,1.5,0.49123347589617306,0.13503561195085387,1.0,0.5671342685370742,0.0,0.4911322495794464,High,speculative
dogecoin,doge,Dogecoin,0.09231,14167835023,10,1125754714.0,-1.47799,-1.3561149859075075,153475526383.7052,0.07945848551824995,0.07945848551824995,0.4664255589990067,0.44940893731416787,0.05181790238526508,0.9819639278557114,0.0,0.4897988680744225,High,speculative
figure-heloc,figr_heloc,Figure Heloc,1.024,16226287030,9,38935849.0,-0.72603,-0.27390895044479546,15843541913.347,0.0023995538183204444,0.0023995538183204444,0.48133537164486584,0.4566142468112478,0.00038265832212620193,0.9839679358717435,0.0,0.4878740586420628,Low,balanced
stellar,xlm,Stellar,0.163882,5409496360,21,87304338.0,-1.5787,3.8776172777469613,32999794499.61902,0.01613908803887244,0.01613908803887244,0.4644286878468649,0.48425503828639116,0.009553513411317464,0.9599198396793587,0.0,0.48759729194682305,Low,safer
ether-fi,ethfi,Ether.fi,0.530134,418213492,111,204837799.0,-1.88348,-6.434630021934533,788764625.0,0.48979242161799985,0.48979242161799985,0.45838553036747115,0.41559627002063987,0.32570732292466736,0.779559118236473,0.0,0.48590139249751746,Medium,balanced
htx-dao,htx,HTX DAO,1.67e-06,1528190088,52,17094947.0,-0.2196,4.584007740088548,916533066327098.8,0.011186400915852558,0.011186400915852558,0.49137683185317815,0.488958174048132,0.006247697131215495,0.8977955911823647,0.0,0.4846117421275484,Medium,safer
cardano,ada,Cardano,0.264179,9733800000,13,447263162.0,-2.33439,0.8247555853865577,36840276194.44106,0.045949491668207686,0.045949491668207686,0.44944491701018563,0.46392913672566766,0.029451341637982877,0.9759519038076152,0.0,0.4834927367173196,Low,safer
avalanche-2,avax,Avalanche,9.38,4052040533,27,306299483.0,-1.41965,-1.0984842893859614,431771961.1772119,0.07559141635072089,0.07559141635072089,0.46758232062164534,0.4511242381381855,0.04923671365018847,0.9478957915831663,0.0,0.4834053808140494,Low,balanced
bitcoin,btc,Bitcoin,69456.0,1390546196069,1,48332868397.0,-2.49267,-1.2713335081475992,20003043.0,0.0347581896478049,0.0347581896478049,0.4463065517439659,0.44997341096046267,0.021981378869160285,1.0,0.0,0.4817667680426568,Low,balanced
chainlink,link,Chainlink,8.94,6326830252,17,397513391.0,-2.14624,-1.0900114206788916,708099970.4525867,0.0628297860329571,0.0628297860329571,0.45317554264096177,0.45118065035486327,0.040718589202346764,0.9679358717434869,0.0,0.4812868891566866,Low,balanced
aptos,apt,Aptos,0.938261,744932507,81,96314797.0,-0.96798,3.148712835849391,793526458.7602051,0.12929331999200835,0.12929331999200835,0.4765380032081596,0.479402004829206,0.08508162428560692,0.8396793587174348,0.0,0.4795633265902691,Medium,balanced
binancecoin,bnb,BNB,635.49,86689989053,5,1143877922.0,-2.0352,-1.7428374640057989,136357731.13,0.013195040563457251,0.013195040563457251,0.45537723634301536,0.44683414558979484,0.007588422576407972,0.9919839679358717,0.0,0.47953366895763117,Low,balanced
aster-2,aster,Aster,0.685131,1682101478,50,192458555.0,-0.91741,-2.7380824839894484,2455859719.12999,0.11441554360253645,0.11441554360253645,0.4775407017898675,0.44020782106431433,0.07515101607669512,0.9018036072144289,0.0,0.4787632752287428,Low,balanced
canton-network,cc,Canton,0.144959,5519277232,20,10928473.0,-1.35676,-1.2978169758438634,38073007596.16518,0.001980055094286302,0.001980055094286302,0.46882929934032463,0.44979708448005656,0.00010265159508133167,0.9619238476953907,0.0,0.47736774795911363,Low,balanced
bittensor,tao,Bittensor,245.35,2357164325,40,302718169.0,-8.29666,16.875984494332588,9597491.0,0.12842472024091914,0.12842472024091914,0.33122542575529557,0.5707979475690511,0.08450185190614508,0.9218436873747495,0.0,0.47681059133046594,Medium,balanced
ethereum-classic,etc,Ethereum Classic,8.29,1292937707,59,43859745.0,-0.57221,1.7541618343221523,155962582.4242165,0.03392255076369275,0.03392255076369275,0.4843853043290327,0.47011710782604854,0.02142360718708807,0.8837675350701403,0.0,0.47664818604080894,Medium,safer
tether-gold,xaut,Tether Gold,4607.46,2601367335,35,997534569.0,-5.19835,-9.794307360375546,564598.641692,0.38346547816554327,0.38346547816554327,0.39265850945494996,0.3932275950728579,0.2547362860011218,0.9318637274549099,0.0,0.47584427851862526,Medium,balanced
shiba-inu,shib,Shiba Inu,5.66e-06,3336958111,31,143202246.0,-1.0389,-3.587797332742854,589243650032071.6,0.042914007679013384,0.042914007679013384,0.4751318061859186,0.43455043395972753,0.027425218820164184,0.9398797595190381,0.0,0.4753197994588494,High,speculative
hyperliquid,hype,Hyperliquid,39.57,9436444561,14,534309223.0,-5.59493,6.477569228491929,238385315.9541414,0.056621879092921636,0.056621879092921636,0.38479514770818835,0.5015654744406716,0.03657493964040676,0.9739478957915831,0.0,0.47497715789241163,Medium,balanced
zebec-network,zbcn,Zebec Network,0.00212562,208164564,167,6911347.0,4.77289,5.632785881460749,97951717939.67068,0.03320136178413152,0.03320136178413152,0.5903675900535156,0.4959409211912192,0.020942228450566973,0.6673346693386774,0.0,0.47493644016332826,Medium,speculative
helium,hnt,Helium,1.27,235031323,157,6097290.0,2.84344,10.152102345383444,184755989.2075093,0.025942457040077166,0.025942457040077166,0.5521105843490193,0.5260304538409691,0.016097059579093322,0.687374749498998,0.0,0.47485694376801335,Medium,speculative
zcash,zec,Zcash,234.3,3895415806,29,399697789.0,-7.8465,12.720668152073802,16611447.0405448,0.10260722061669429,0.10260722061669429,0.34015116816268426,0.5431319215784945,0.06726920456757295,0.9438877755511023,0.0,0.47267396221799085,Medium,balanced
whitebit,wbt,WhiteBIT Coin,54.83,11692978645,11,77781229.0,-3.22595,0.11647179675726395,213418274.0,0.0066519602371171525,0.0066519602371171525,0.4317671248902028,0.45921339522949656,0.00322105170731074,0.9799599198396793,0.0,0.4725012718089657,Medium,balanced
crypto-com-chain,cro,Cronos,0.07482,3163605640,33,11120655.0,-1.56779,-0.6460034671891253,42283145437.14655,0.0035151837066518823,0.0035151837066518823,0.4646450105980303,0.4541368478063873,0.0011273182119610407,0.935871743486974,0.0,0.47230472370883364,Low,balanced
sui,sui,Sui,0.943604,3680675242,30,384097671.0,-3.17224,-2.3523924444046918,3899984688.415443,0.10435521901445713,0.10435521901445713,0.4328320831821454,0.4427757388305103,0.06843595736608066,0.9418837675350702,0.0,0.4720342141003482,Medium,balanced
polkadot,dot,Polkadot,1.51,2533042358,37,192539611.0,-3.09562,0.5060446874871414,1675213788.601156,0.07601120857371782,0.07601120857371782,0.434351299423602,0.4618071649530046,0.04951691628172423,0.9278557114228457,0.0,0.4720187525167336,Medium,balanced
tezos,xtz,Tezos,0.385328,415743577,113,15708324.0,0.34152,6.992132179716032,1078963922.575815,0.03778368414817386,0.03778368414817386,0.5025026817279648,0.5049914258748781,0.02400083390967578,0.7755511022044088,0.0,0.4717286564600356,Medium,balanced
near,near,NEAR Protocol,1.33,1717198377,48,215055240.0,-3.74382,1.02693443341107,1290601996.0,0.12523610718506986,0.12523610718506986,0.42149883312613146,0.46527524007941296,0.0823735186015884,0.905811623246493,0.0,0.47045175662177047,Medium,balanced
ape-and-pepe,apepe,Ape and Pepe,1.28e-06,268185026,143,20102212.0,-1.95449,17.39777763609089,210000000000000.0,0.07495650409654117,0.07495650409654117,0.4569775488312425,0.5742720374896593,0.04881292284447656,0.7154308617234469,0.0,0.4703869253295906,High,speculative
lighter,lit,Lighter,1.17,291641879,133,30011173.0,0.3855,6.147943746025606,250000000.0,0.10290419573109388,0.10290419573109388,0.5033747142299129,0.4993708335483957,0.0674674293178109,0.7354709418837675,0.0,0.47012948427205026,Medium,balanced
bitget-token,bgb,Bitget Token,2.13,1488574634,54,15165787.0,-0.57633,-1.3402572065479321,699992035.9787906,0.010188126717736345,0.010188126717736345,0.4843036132442663,0.44951451814118043,0.005581369738798652,0.8937875751503006,0.0,0.46959367326356327,Medium,balanced
euro-coin,eurc,EURC,1.15,433253433,109,54617990.0,0.10604,0.07818808406895636,375662236.8911921,0.12606475988385302,0.12606475988385302,0.4978336000190348,0.45895850291733287,0.08292662714936144,0.7835671342685371,0.0,0.4686345226218835,Medium,balanced
vechain,vet,VeChain,0.00716155,615668429,87,13732906.0,-0.17518,1.8335953353579082,85985041177.0,0.022305684932238095,0.022305684932238095,0.4922575886457323,0.47064597473368375,0.01366958937100465,0.8276553106212425,0.0,0.4667078089977688,Medium,balanced
midnight-3,night,Midnight,0.04448451,739154670,82,339840066.0,-5.88821,-7.552655647518532,16607399400.63495,0.45976854343624723,0.45976854343624723,0.3789800114605454,0.408152474297809,0.30566700484688886,0.8376753507014028,0.0,0.4662744769694378,Medium,balanced
xdce-crowd-sale,xdc,XDC Network,0.03209963,640013556,86,19654630.0,0.86524,-2.635477587892467,19938670955.37,0.030709708904978258,0.030709708904978258,0.5128869669012311,0.4408909627287187,0.0192791016574403,0.8296593186372746,0.0,0.4657932202528038,Medium,balanced
rain,rain,Rain,0.00870331,4160586055,25,17431365.0,-2.72663,-1.8838693912151483,478086731704.87256,0.0041896417402668045,0.0041896417402668045,0.44166760849349346,0.44589515740158125,0.0015775050080149495,0.9519038076152304,0.0,0.4657668943628811,Low,balanced
nexo,nexo,NEXO,0.884909,884908752,72,6791923.0,-0.23578,-0.727572792534375,1000000000.0,0.007675280625996114,0.007675280625996114,0.4910560158940713,0.4535937606165906,0.003904096914344459,0.8577154308617234,0.0,0.4654618768880067,Medium,balanced
hedera-hashgraph,hbar,Hedera,0.092088,3987911015,28,81992743.0,-3.02808,-1.583786711682429,43303446051.94626,0.02056032411244763,0.02056032411244763,0.43569047803164146,0.447893102811137,0.012504597101273445,0.9458917835671342,0.0,0.46521806800512244,Medium,balanced
beldex,bdx,Beldex,0.080469,611984736,88,12484496.0,0.18021,0.1824309069659563,7606342236.723518,0.020400012068274853,0.020400012068274853,0.4993042378241619,0.45965254987069426,0.012397592125518051,0.8256513026052105,0.0,0.4650349481685755,Medium,balanced
mantle,mnt,Mantle,0.732657,2401914911,39,56416376.0,-3.98563,3.2872448714810183,3277944055.53684,0.023488082671717925,0.023488082671717925,0.4167042406000726,0.4803243487815381,0.014458815421356245,0.9238476953907816,0.0,0.4648147874804851,Medium,balanced
kucoin-shares,kcs,KuCoin,7.89,1042563824,66,1903998.0,-0.75079,-0.4933713943390686,132155021.7355671,0.001826265170697118,0.001826265170697118,0.48084443201893967,0.4551530695682585,0.0,0.8697394789579158,0.0,0.4643640349081214,Medium,balanced
dogwifcoin,wif,dogwifhat,0.171568,171432312,194,73165117.0,-2.38469,4.442743268104792,998926392.0,0.4267872033365565,0.4267872033365565,0.44844757197044055,0.4880176375807399,0.2836526420711,0.6132264529058116,0.0,0.46361128045872324,Medium,speculative
filecoin,fil,Filecoin,0.885679,675065758,85,68781127.0,-2.84462,3.1503585507528244,762426361.0,0.10188804006853507,0.10188804006853507,0.43932811065572963,0.47941296197122385,0.06678916641749741,0.8316633266533067,0.0,0.4627635992870116,Medium,balanced
pax-gold,paxg,PAX Gold,4609.67,2310139544,41,702824312.0,-5.3852,-10.38884375627551,501150.394,0.30423457051562425,0.30423457051562425,0.38895366013732824,0.38926918179538433,0.20185129288719145,0.9198396793587175,0.0,0.4615470943739983,Medium,balanced
ylds,ylds,YLDS,0.999997,570562951,92,8589417.0,0.00717,0.016642306304148795,570565015.56,0.015054284518379112,0.015054284518379112,0.49587321226397324,0.4585487321689704,0.008829429484818161,0.8176352705410822,0.0,0.46136039899064624,Medium,balanced
algorand,algo,Algorand,0.087905,781697356,79,35255599.0,-1.90002,1.5800910584606063,8891127907.567999,0.04510134098496298,0.04510134098496298,0.45805757635241373,0.4689581475417965,0.028885218588614817,0.843687374749499,0.0,0.46120268299116185,Medium,safer
monero,xmr,Monero,340.06,6275154921,18,87418910.0,-3.67798,-3.1767831371463946,18446744.07370955,0.013930956462516951,0.013930956462516951,0.4228043042477381,0.43728695952872376,0.008079631227281529,0.9659318637274549,0.0,0.46112417158429503,Medium,balanced
adi-token,adi,ADI,3.27,318089171,128,2209775.0,4.08363,-5.7054889312615185,97364999.92,0.006947029957206559,0.006947029957206559,0.5767009888190284,0.4204508790813731,0.00341800464623209,0.7454909819639278,0.0,0.46039301737560834,Medium,balanced
gho,gho,GHO,0.999841,583884344,91,2954982.0,-0.05407,-0.0035230781370486726,584000000.0,0.005060902951698257,0.005060902951698257,0.4946589496350669,0.458414471380114,0.0021590538572415184,0.8196392785571143,0.0,0.46013169070298193,Medium,balanced
cosmos,atom,Cosmos Hub,1.85,923795116,70,32496451.0,-2.70321,2.055889538971526,498870583.328329,0.03517711929535683,0.03517711929535683,0.44213197868893744,0.47212600578503355,0.022261005749416373,0.8617234468937875,0.0,0.4594717053296225,Medium,safer
render-token,render,Render,1.64,850806990,75,62070044.0,-3.60109,3.6216601662348684,518743261.0140742,0.0729543183466323,0.0729543183466323,0.42432887403115765,0.4825508801630864,0.04747650524259076,0.8517034068136272,0.0,0.4594369560452881,Medium,balanced
uniswap,uni,Uniswap,3.54,2239176642,42,264043702.0,-2.75249,-8.414741332911007,633561603.6037512,0.11791999659489123,0.11791999659489123,0.441154858141052,0.4024127223719207,0.07749016601030018,0.9178356713426854,0.0,0.459408735467104,Medium,balanced
kite-2,kite,Kite,0.193183,347547883,119,214501406.0,-2.62148,-23.52452362655509,1800000000.0,0.6171851894146051,0.6171851894146051,0.4437525156690242,0.3018120471847282,0.4107393621568329,0.7635270541082164,0.0,0.4591829151793794,Medium,speculative
ondo-finance,ondo,Ondo,0.254325,1238681271,60,50015383.0,-3.25069,0.4419526715994514,4869330647.0,0.040377927858408706,0.040377927858408706,0.43127658182294054,0.4613804413942461,0.025732437961945742,0.8817635270541082,0.0,0.4574071828455867,Medium,balanced
arbitrum,arb,Arbitrum,0.098411,594660965,90,54174431.0,-2.55248,0.3247348926784306,6040824145.0,0.09110137404092095,0.09110137404092095,0.4451206430595294,0.4606000074029266,0.0595892898098334,0.8216432865731463,0.0,0.4556733374803267,Medium,balanced
sky,sky,Sky,0.071365,1646599194,51,15979841.0,0.23796,-11.647364131800975,23071974836.76821,0.009704754537855069,0.009704754537855069,0.5004493009662152,0.3808899744015122,0.0052587288002720195,0.8997995991983968,0.0,0.4553172596533709,Medium,balanced
pudgy-penguins,pengu,Pudgy Penguins,0.00699634,439879094,108,102447264.0,-4.21859,0.2515064655362882,62860396090.0,0.23289868829274255,0.23289868829274255,0.41208512528279595,0.4601124537724223,0.154236066051694,0.7855711422845691,0.0,0.45477769656844014,Medium,balanced
polygon-ecosystem-token,pol,POL (ex-MATIC),0.094502,1002924413,68,45468874.0,-2.20856,-3.0556019814888273,10610558433.01956,0.045336291958424986,0.045336291958424986,0.45193986584420404,0.4380937816153824,0.029042043506846863,0.8657314629258517,0.0,0.4544227519711628,Medium,balanced
neo,neo,NEO,2.71,190836474,179,21175514.0,0.73819,5.657657842526723,70530000.0,0.11096156597401816,0.11096156597401816,0.5103678279887139,0.496106518287712,0.07284555740509999,0.6432865731462926,0.0,0.4539191754048786,Medium,speculative
usx,usx,USX,0.999846,365035484,117,13135819.0,-0.00502,0.01837563098482693,365095672.147034,0.035985046867388924,0.035985046867388924,0.4956315097583174,0.4585602726154048,0.022800280703481796,0.7675350701402806,0.0,0.4537812294619658,Medium,balanced
pancakeswap-token,cake,PancakeSwap,1.4,462635854,102,24932332.0,-1.94573,1.7084413322360774,329524309.8496519,0.05389191474122107,0.05389191474122107,0.45715124152603703,0.4698127014957409,0.034752744865371804,0.7975951903807615,0.0,0.45300673988897333,Medium,balanced
akash-network,akt,Akash Network,0.498197,130223603,224,28332773.0,-2.21097,17.155247397831346,261246226.64488,0.21757018195848873,0.21757018195848873,0.4518920805252023,0.5726572752615837,0.14400460492145312,0.5531062124248497,0.0,0.4529447197173714,High,speculative
bonk,bonk,Bonk,5.87e-06,516988312,97,61506304.0,-2.92245,-0.22749429441576396,87994756336304.3,0.11897039560151604,0.11897039560151604,0.4377849026151061,0.45692327480677797,0.0781912856349507,0.8076152304609219,0.0,0.4527656287853428,Medium,balanced
falcon-finance-ff,ff,Falcon Finance,0.070732,165497365,196,68092692.0,-1.01881,-4.235546696335978,2340000000.0,0.4114427562033994,0.4114427562033994,0.4755301493638208,0.43023772964254137,0.2734105407870954,0.6092184368737475,0.0,0.4522985514056118,Medium,speculative
bnb48-club-token,koge,KOGE,48.0,162239605,199,45919349.0,-0.0368,0.0031590882421096934,3379998.56,0.28303415186445996,0.28303415186445996,0.49500137804135713,0.45845896113095175,0.18770045166077,0.6032064128256514,0.0,0.4503654931765887,Medium,speculative
flare-networks,flr,Flare,0.00833324,710382850,84,3638217.0,-0.17786,-6.268771093600016,85276814430.57133,0.005121487659787958,0.005121487659787958,0.4922044497847678,0.4167005559628202,0.0021994928975752515,0.8336673346693386,0.0,0.4496449663754031,Medium,balanced
curve-dao-token,crv,Curve DAO,0.232888,346338114,120,43995269.0,-2.51549,0.9751900507199824,1487368647.0,0.12702982207727792,0.12702982207727792,0.44585407830843937,0.46493072685382814,0.08357078621515554,0.7615230460921844,0.0,0.44949987385201395,Medium,balanced
ethereum-name-service,ens,Ethereum Name Service,6.16,236552646,155,28730974.0,-0.81402,2.8590332261974627,38380013.53099827,0.12145699693420466,0.12145699693420466,0.4795907118029738,0.47747332288312627,0.07985104062523021,0.6913827655310621,0.0,0.4493607650606434,Medium,speculative
vaulta,a,Vaulta,0.080803,131686273,221,13696713.0,2.04054,6.9507838077060455,1629604279.6281,0.10401018031697198,0.10401018031697198,0.5361907367861697,0.5047161291127371,0.06820565116763135,0.5591182364729459,0.0,0.44709653901015833,High,speculative
apenft,nft,AINFT,3.31935e-07,328634953,125,9120388.0,-0.23251,-0.5517918652666475,990105667256391.5,0.027752337104568425,0.027752337104568425,0.49112085323562127,0.4547641070600071,0.01730511711101733,0.751503006012024,0.0,0.4470034274357889,Medium,balanced
jupiter-exchange-solana,jup,Jupiter,0.15816,553173935,95,18940425.0,-1.92034,-1.6073207208159683,3497363517.1,0.03423954709652038,0.03423954709652038,0.4576546727498766,0.44773641377600176,0.021635195686778158,0.811623246492986,0.0,0.4469894039349783,Medium,balanced
floki,floki,FLOKI,2.914e-05,281391520,136,25716790.0,-1.12703,-0.2632396508727467,9654483246699.0,0.09139148898303687,0.09139148898303687,0.4733843704333791,0.45668528282750953,0.059782935536875186,0.7294589178356713,0.0,0.445141295350706,Medium,balanced
sei-network,sei,Sei,0.062943,424005938,110,35394383.0,-2.84818,0.17464657078499363,6733333333.0,0.08347614933638028,0.08347614933638028,0.4392575232135528,0.4596007218919405,0.054499609936751486,0.781563126252505,0.0,0.44456517903503534,Medium,balanced
axie-infinity,axs,Axie Infinity,1.17,197700376,176,40486272.0,-2.40266,4.69304881738666,169438134.0261212,0.2047860141651931,0.2047860141651931,0.4480912640109133,0.48968416769821543,0.13547143717455476,0.6492985971943888,0.0,0.44453903292325453,Medium,speculative
injective-protocol,inj,Injective,2.98,297287222,131,37034828.0,-2.40502,-0.08830893139169985,100000000.0,0.12457591601431157,0.12457591601431157,0.4480444700885714,0.4578499686018491,0.08193285464158812,0.7394789579158316,0.0,0.4433729264275498,Medium,balanced
okb,okb,OKB,88.04,1848750730,44,24719442.0,-3.63131,-7.18034331839579,21000000.0,0.013370889649357974,0.013370889649357974,0.4237296738899828,0.4106313234938043,0.007705798206358365,0.9138276553106213,0.0,0.4429354674322046,Medium,balanced
decred,dcr,Decred,26.36,457266307,105,1429060.0,-0.77988,-3.424998773602116,17329245.69019097,0.003125224793787398,0.003125224793787398,0.48026763744227596,0.4356343440155296,0.0008670286982692827,0.7915831663326653,0.0,0.44284864561840875,Medium,balanced
btse-token,btse,BTSE Token,1.6,259946279,147,5425891.0,1.38591,-3.308428943919816,162061501.0,0.020873124327353807,0.020873124327353807,0.5232107768782506,0.43641046397176664,0.012713384778986815,0.7074148296593187,0.0,0.44212196298465156,Medium,balanced
jito-governance-token,jto,Jito,0.291063,130726739,223,16263200.0,1.59494,5.049835872465386,449054312.8,0.1244060712016996,0.1244060712016996,0.5273554097541535,0.49205964988197054,0.08181948673994663,0.5551102204408818,0.0,0.44212117778728705,High,speculative
gatechain-token,gt,Gate,6.72,1133103428,61,2812260.0,-3.51288,-4.031482123504988,115180573.04885802,0.0024819093566452433,0.0024819093566452433,0.4260778960183528,0.43159638812018325,0.00043762894162793965,0.8797595190380761,0.0,0.44185452017903615,Medium,balanced
virtual-protocol,virtual,Virtuals Protocol,0.693172,455039451,106,61751776.0,-4.28139,-0.7398459063364913,656301970.3333926,0.13570642251851697,0.13570642251851697,0.4108399310781043,0.45351204643228615,0.0893622376600226,0.7895791583166333,0.0,0.44152342631680996,Medium,balanced
internet-computer,icp,Internet Computer,2.46,1356747570,56,45621242.0,-4.2158,-6.00714903843935,550490966.5516927,0.03362544588895044,0.03362544588895044,0.412140445216412,0.4184424311852114,0.021225295824503568,0.8897795591182365,0.0,0.43919413689687314,Medium,balanced
celestia,tia,Celestia,0.334343,298853219,130,24210795.0,-3.03707,1.714704897110688,893579413.000089,0.08101232799503491,0.08101232799503491,0.43551222491221186,0.4698544042048349,0.052855060119819816,0.7414829659318637,0.0,0.4381307372412986,Medium,balanced
chiliz,chz,Chiliz,0.0354318,366305926,116,56054579.0,-3.35476,-4.43092931152081,10338457480.0,0.15302667803414133,0.15302667803414133,0.4292130888152612,0.42893687549220044,0.10092315019837902,0.7695390781563126,0.0,0.43810323373551446,Medium,balanced
layerzero,zro,LayerZero,2.03,508489175,98,74931672.0,-6.34644,1.4272659881335366,249858416.45502064,0.14736139073167093,0.14736139073167093,0.3698942576322672,0.46794064080598463,0.09714168802829506,0.8056112224448898,0.0,0.43735610301819194,Medium,balanced
pi-network,pi,Pi Network,0.176824,1732012373,47,28434633.0,2.95163,-30.561252348672852,9794235355.985415,0.0164171073158956,0.0164171073158956,0.554255768441465,0.254961626258946,0.009739085531933261,0.9078156312625251,0.0,0.43716649542720565,Medium,balanced
ethena,ena,Ethena,0.101313,860886210,74,88666500.0,-5.50821,-3.742061948182135,8492187500.0,0.10299444801189231,0.10299444801189231,0.3865146260749218,0.43352334275688387,0.06752767084968418,0.8537074148296593,0.0,0.4366381468899151,Medium,balanced
bittorrent,btt,BitTorrent,3.32915e-07,328507003,124,9117404.0,-2.92922,2.489809818735353,987037885840674.8,0.027754062825869195,0.027754062825869195,0.437650667507371,0.475015039675351,0.01730626899431407,0.7535070140280561,0.0,0.4363692567295518,Medium,balanced
monad,mon,Monad,0.02209897,239093205,154,52152917.0,-4.81951,3.037991719610406,10830583396.0,0.2181279764935185,0.2181279764935185,0.40017012366681937,0.4786648255082433,0.14437692124369414,0.6933867735470942,0.0,0.43631908775913897,Medium,speculative
impossible-cloud-network-token,icnt,Impossible Cloud Network Token,0.388344,98176384,272,12111470.0,0.99473,13.690592185864972,253006129.72647312,0.12336439280550401,0.12336439280550401,0.515454485970746,0.5495896594057775,0.08112418794249825,0.45691382765531063,0.0,0.4358074526930838,High,speculative
raydium,ray,Raydium,0.603492,162339475,198,36041925.0,-1.67722,1.118866294446429,268700018.217795,0.222015778971812,0.222015778971812,0.4624752398684219,0.4658873208567292,0.14697194903513813,0.6052104208416834,0.0,0.4352553080095753,Medium,speculative
pendle,pendle,Pendle,1.23,204656683,170,19372173.0,-0.92332,0.4573959571040205,165654721.3245319,0.09465692845222162,0.09465692845222162,0.4774235187046808,0.4614832625281761,0.061962548884293006,0.6613226452905812,0.0,0.43463829260123965,Medium,speculative
optimism,op,Optimism,0.119849,253873688,150,47056392.0,-4.58032,2.595304098892566,2117847344.0,0.18535356054700713,0.18535356054700713,0.4049127670079054,0.4757174188100039,0.12250067606292706,0.7014028056112225,0.0,0.4346179938991023,Medium,balanced
the-open-network,ton,Toncoin,1.23,3019178024,34,105051552.0,-6.41315,-6.5995315657933356,2458271996.713505,0.03479475246736891,0.03479475246736891,0.36857153620878025,0.41449835832812104,0.022005783795447542,0.9338677354709419,0.0,0.4330269872626149,Medium,balanced
blockstack,stx,Stacks,0.242679,445556910,107,12158120.0,-2.76592,-3.298100630784273,1835852730.66807,0.027287468171013216,0.027287468171013216,0.4408885689982333,0.4364792297060961,0.016994826706942013,0.7875751503006012,0.0,0.43260220985863324,Medium,balanced
lido-dao,ldo,Lido DAO,0.294101,249844294,152,18968868.0,-2.04942,0.5198164722369719,849264458.5927889,0.07592275851615006,0.07592275851615006,0.45509528313297204,0.46189885726315444,0.04945787769660456,0.6973947895791583,0.0,0.43258152368271785,Medium,speculative
syrup,syrup,Maple Finance,0.23998,277852645,139,8801673.0,-1.48728,-1.667955858316358,1157190702.5885315,0.031677485020882204,0.031677485020882204,0.46624135749961837,0.4473327060551318,0.019925072210391033,0.7234468937875751,0.0,0.43167293797180284,Medium,balanced
pieverse,pieverse,Pieverse,0.560088,120382325,241,3869050.0,1.3982,9.588407006839793,215000000.0,0.03213968495790391,0.03213968495790391,0.523454462177226,0.5222773798022242,0.020233581114449724,0.5190380761523046,0.0,0.4316383016684415,High,speculative
dash,dash,Dash,31.33,395932970,114,46637456.0,-4.31942,-2.8985922354207485,12630703.26043733,0.11779129179365891,0.11779129179365891,0.4100858747786707,0.4391391498515656,0.07740425821587005,0.7735470941883767,0.0,0.43161141020117627,Medium,balanced
story-2,ip,Story,0.767916,270220350,142,59958620.0,-4.73811,-2.3684140999555527,351808523.09,0.22188787780046915,0.22188787780046915,0.4017841174289516,0.4426690669185852,0.14688657764704782,0.717434869739479,0.0,0.4312981955772045,Medium,balanced
gnosis,gno,Gnosis,130.11,343454062,121,2465110.0,-3.26665,1.3961314102691806,2639589.0,0.007177408197315192,0.007177408197315192,0.43096012800913674,0.4677333473126733,0.00357177735947144,0.7595190380761523,0.0,0.430773972696661,Medium,balanced
compound-governance-token,comp,Compound,18.46,178436254,185,9736284.0,-1.22297,4.527321874801393,9668189.278360886,0.05456449450009189,0.05456449450009189,0.47148207852258106,0.48858076051492333,0.0352016779518589,0.6312625250501002,0.0,0.43003730032305754,Medium,speculative
doublezero,2z,DoubleZero,0.076612,266106631,145,6745594.0,-1.99207,0.3372399371186363,3471417500.0,0.025349214240362166,0.025349214240362166,0.456232415101747,0.46068326577750024,0.015701082272908208,0.7114228456913828,0.0,0.42931011651320916,Medium,balanced
safepal,sfp,SafePal,0.291012,145445921,208,2263842.0,1.11856,3.6482839899025734,500000000.0,0.01556483663780437,0.01556483663780437,0.5179097789383728,0.4827281411311787,0.009170212471167491,0.5851703406813628,0.0,0.42923427798071556,High,speculative
world-liberty-financial,wlfi,World Liberty Financial,0.092064,2546371199,36,70305685.0,-6.48824,-7.918885664527266,27661964185.0,0.027610147737930017,0.027610147737930017,0.36708265670511303,0.4057141210330903,0.01721020864791134,0.9298597194388778,0.0,0.4282504678999629,Medium,balanced
aerodrome-finance,aero,Aerodrome Finance,0.318264,294565796,132,10128160.0,-1.71856,-4.493567990959099,924668760.0324227,0.03438335386366447,0.03438335386366447,0.4616555531101105,0.42851982822296375,0.021731183731289218,0.7374749498997996,0.0,0.42769232851371647,Medium,balanced
trust-wallet-token,twt,Trust Wallet,0.509291,212195857,165,8644078.0,-1.87301,2.2195990456334473,416649900.0,0.04073631842868638,0.04073631842868638,0.4585931288280304,0.4732159809140385,0.025971656259494196,0.6713426853707415,0.0,0.4276580307000385,Medium,speculative
thorchain,rune,THORChain,0.416612,146276785,207,35833200.0,-1.62547,-2.6893842433871975,351097049.0,0.24496846850988693,0.24496846850988693,0.46350133541130073,0.4405320531273451,0.16229239485825897,0.5871743486973948,0.0,0.4271275440837854,High,speculative
sonic-3,s,Sonic,0.04385389,165987677,195,19488890.0,-2.82034,5.844518944188017,3784775845.0,0.11741166785531916,0.11741166785531916,0.4398095328737219,0.497350636345009,0.07715086708404448,0.6112224448897795,0.0,0.42607588647617767,Medium,speculative
worldcoin-wld,wld,Worldcoin,0.329923,980306772,69,162840261.0,-8.18962,-5.351265789062842,2969586430.040101,0.1661115332986805,0.1661115332986805,0.3333478077245662,0.42280929077649765,0.10965702061697238,0.8637274549098196,0.0,0.4259978403978294,Medium,balanced
the-sandbox,sand,The Sandbox,0.081023,216396816,164,16926085.0,-2.48097,-0.066579221045735,2667289212.2233224,0.07821780982211864,0.07821780982211864,0.4465385385623559,0.45799464464614564,0.05098977700348306,0.6733466933867736,0.0,0.4241382242717793,Medium,speculative
yearn-finance,yfi,yearn.finance,2709.84,96865326,275,9139559.0,1.74327,7.796690519855905,35742.54399985384,0.09435325701582835,0.09435325701582835,0.5302964870850757,0.510348161708167,0.061759854477540586,0.45090180360721444,0.0,0.4240964589070745,High,speculative
jasmycoin,jasmy,JasmyCoin,0.00562531,277999301,138,12565356.0,-3.08452,-1.8289565595178074,49444999677.59027,0.04519923595059687,0.04519923595059687,0.4345713894820746,0.4462607661071095,0.028950561454637654,0.7254509018036072,0.0,0.42324235588895287,Medium,balanced
venice-token,vvv,Venice Token,5.26,236015341,156,16197564.0,-1.35775,-5.31444935533881,44825358.59892937,0.06862928456841287,0.06862928456841287,0.46880966968646093,0.4230544139701111,0.044589634596235314,0.6893787575150301,0.0,0.42283730422102916,Medium,speculative
tria,tria,TRIA,0.03595438,77618761,325,19240522.0,8.52782,26.14438239194895,2157670000.0,0.2478849411162335,0.2478849411162335,0.6648200912481487,0.6325067841547363,0.16423908003805146,0.35070140280561124,0.08,0.42219777941379993,High,speculative
the-graph,grt,The Graph,0.02572874,277009962,140,12280742.0,-3.03258,-2.2049138550178573,10761943918.35145,0.04433321426902329,0.04433321426902329,0.43560125233226066,0.44375764878656637,0.02837250988328752,0.7214428857715431,0.0,0.42191532431559364,Medium,balanced
bitcoin-cash-sv,bsv,Bitcoin SV,14.39,287835716,134,7084387.0,-3.13236,-2.0934265621932893,20003290.625,0.024612605754596485,0.024612605754596485,0.433622821157991,0.4444999292982891,0.015209411334724521,0.7334669338677354,0.0,0.42154036237384135,Medium,balanced
pump-fun,pump,Pump.fun,0.00182464,1077316331,64,76831843.0,-5.93956,-10.120309261284776,590000000000.0,0.07131781148131505,0.07131781148131505,0.3779618470909448,0.39105707992535826,0.04638417073740488,0.87374749498998,0.0,0.4213635647774387,Medium,balanced
gmt-token,gomining,GoMining Token,0.307263,124631088,233,13247289.0,-1.43783,7.16815257974668,405275709.1636765,0.10629201118744948,0.10629201118744948,0.46722184879614703,0.5061633667239035,0.06972872610709255,0.5350701402805611,0.0,0.42092520038732695,High,speculative
mx-token,mx,MX,1.79,164422563,197,5074945.0,-0.03555,-0.1484682827852073,91837334.0,0.030865259045986287,0.030865259045986287,0.4950261629578518,0.457449428656839,0.01938292816126414,0.6072144288577155,0.0,0.4205750135841349,Medium,speculative
melania-meme,melania,Melania Meme,0.114598,109149568,250,12787028.0,0.26465,4.324048407722204,952496375.911841,0.11715143022829004,0.11715143022829004,0.5009785085032091,0.48722736920600884,0.07697716384724412,0.501002004008016,0.0,0.4205376237769367,High,speculative
audiera,beat,Audiera,0.588948,81980800,314,10677840.0,4.88851,41.089740998097035,139300000.0,0.13024805808189235,0.13024805808189235,0.5926600956896056,0.7320127292089987,0.08571889222569183,0.3727454909819639,0.08,0.4192335481803907,High,speculative
iota,iota,IOTA,0.061437,267290706,144,8536594.0,-3.0338,-2.3965327713271787,4349010953.0,0.03193748906480871,0.03193748906480871,0.43557706225376186,0.44248185327974004,0.020098619535298668,0.7134268537074149,0.0,0.41843233816296255,Medium,balanced
gala,gala,GALA,0.00330457,157031363,203,24644570.0,-2.44488,-0.40631165462254165,47480547086.06755,0.15694043233898441,0.15694043233898441,0.4472541286713897,0.45573271184416264,0.10353550029760768,0.5951903807615231,0.0,0.41751560093396745,High,speculative
chain-2,xcn,Onyxcoin,0.00531465,199089006,175,5723921.0,-4.33189,7.622747440340334,37478239542.9763,0.028750562951728235,0.028750562951728235,0.40983862045172004,0.5091900516240285,0.017971412230170212,0.6513026052104208,0.0,0.4174007492752738,Medium,speculative
newton-project,ab,AB,0.00209638,207194367,168,3250422.0,-1.52979,-2.36371305914671,98823661261.46,0.015687791357764085,0.015687791357764085,0.465398472059468,0.4427003663688528,0.009252282205205195,0.6653306613226453,0.0,0.4164691640311516,Medium,speculative
spx6900,spx,SPX6900,0.299305,278823973,137,7175045.0,-4.21085,-0.9112660709332113,930993080.908372,0.025733242815530785,0.025733242815530785,0.41223859348573083,0.45237073387304544,0.015957413408771014,0.7274549098196392,0.0,0.4159908864548541,Medium,balanced
instadapp,fluid,Fluid,2.23,174464488,190,4316277.0,-1.61574,1.1204628319453764,78532543.82034639,0.024740146544894568,0.024740146544894568,0.4636942612012952,0.465897950576419,0.015294542175916723,0.6212424849699398,0.0,0.4151530633429932,Medium,speculative
enjincoin,enj,Enjin Coin,0.02443099,47569337,465,95618896.0,1.29841,33.22269641275607,1941982767.402186,2.0100952006121084,1.5,0.5214758327236244,0.6796340792964871,1.0,0.07014028056112225,0.15,0.4147905463727304,High,speculative
telcoin,tel,Telcoin,0.00246087,233880316,158,1070663.0,-2.10777,-3.1696575660528623,95077236366.71,0.0045778243261822855,0.0045778243261822855,0.4539383232310014,0.4373344014606572,0.0018366088601858123,0.685370741482966,0.0,0.41386532176354424,Medium,speculative
kaia,kaia,Kaia,0.051016,298943765,129,7567408.0,-3.68894,-5.440541019651941,5856641747.106198,0.025313817801150662,0.025313817801150662,0.422586990099913,0.42221489779980115,0.015677455881396588,0.7434869739478958,0.0,0.41341164302014305,Medium,balanced
ultima,ultima,Ultima,4167.57,157431044,202,10519185.0,0.05833,-6.068205916480724,37772.135734,0.06681773005329242,0.06681773005329242,0.4968876093262667,0.41803591552294617,0.04338045940312805,0.5971943887775552,0.0,0.4116621700893633,High,speculative
reallink,real,RealLink,0.057968,183635435,183,4723344.0,-2.7985,1.4425799609465524,3160596475.0,0.025721310268903168,0.025721310268903168,0.4402425749347165,0.46804260097819933,0.01594944868054877,0.6352705410821643,0.0,0.4112154132515008,Medium,speculative
decentraland,mana,Decentraland,0.089036,172343619,192,13828219.0,-2.56999,-0.8261812138534235,1935201018.4807715,0.0802363271714748,0.0802363271714748,0.4447734559492722,0.4529372274137256,0.05233709561041762,0.6172344689378757,0.0,0.411076245125335,Medium,speculative
starknet,strk,Starknet,0.03656183,206601891,169,20613406.0,-2.06437,-8.618015083535628,5651535251.348971,0.09977355918780047,0.09977355918780047,0.45479885553169597,0.4010593291751655,0.06537779413698182,0.6633266533066132,0.0,0.41028676612867176,Medium,speculative
the9bit,9bit,The9bit,0.02471478,202598510,173,4450204.0,-2.75669,-1.1804042357739932,8199997195.652452,0.021965630448121262,0.021965630448121262,0.44107158082162995,0.4505788165194107,0.013442610031952509,0.655310621242485,0.0,0.40979834487299327,Medium,speculative
opinion,opn,Opinion,0.282186,56020066,413,186078415.0,10.72632,-9.689965566031086,198500000.0,3.3216386249884104,1.5,0.7084118023789554,0.3939223009764441,1.0,0.1743486973947896,0.15,0.40973820653315685,High,speculative
cash-4,cash,CASH,0.997855,124262976,235,9701413.0,-0.24058,-0.17588268783715247,124530314.117516,0.07807162931620115,0.07807162931620115,0.49096084181473176,0.4572669040112495,0.05089220453740713,0.531062124248497,0.0,0.40966056225052166,High,speculative
ecash,xec,eCash,6.91e-06,138263887,214,3616631.0,-0.55065,-0.29756252746075673,20003179672580.0,0.02615745209014701,0.02615745209014701,0.48481279456873255,0.4564567616951718,0.016240564330959995,0.5731462925851704,0.0,0.4096296828671529,High,speculative
societe-generale-forge-eurcv,eurcv,EUR CoinVertible,1.15,104291215,259,13754365.0,-0.04599,0.13301560172991664,90507731.23,0.1318842147922047,0.1318842147922047,0.4948191593352884,0.4593235436034486,0.08681099300964981,0.48296593186372744,0.0,0.4083583591828094,High,speculative
vision-3,vsn,Vision,0.05253,188979895,182,5834974.0,-3.89886,2.981571667691277,3597917028.7660027,0.030876162779114678,0.030876162779114678,0.4184247103634659,0.4782891817559473,0.019390206177741738,0.6372745490981964,0.0,0.4083278087747261,Medium,speculative
walrus-2,wal,Walrus,0.078059,175057359,189,10345059.0,-3.22964,0.11679723025097258,2242500000.0,0.059095253459181915,0.059095253459181915,0.4316939598167106,0.45921556196019847,0.03822586590400334,0.6232464929859719,0.0,0.4074366901893219,Medium,speculative
terra-luna,lunc,Terra Luna Classic,3.965e-05,216627651,162,8762015.0,-3.56472,-3.2475918668000827,5463446879073.314,0.040447352678906166,0.040447352678906166,0.4250500159614862,0.43681551620320985,0.02577877759458212,0.6773547094188377,0.0,0.4071717818194308,Medium,speculative
plasma,xpl,Plasma,0.098684,221513236,160,63347427.0,-8.15735,-4.022257470824873,2244444444.4444,0.2859758095899967,0.2859758095899967,0.3339876551287924,0.43165780570185003,0.18966394738703296,0.6813627254509018,0.0,0.4067854469716149,Medium,speculative
zksync,zk,ZKsync,0.01890708,174299448,191,10708844.0,-3.13183,-0.2598699651149171,9218641411.0,0.061439345464823276,0.061439345464823276,0.4336333299625847,0.4567077181383445,0.03979049886421769,0.6192384769539078,0.0,0.4067849662158712,Medium,speculative
qubic-network,qubic,Qubic,8.95245e-07,121793213,240,2678934.0,-1.40887,5.97443868295136,136072290805721.0,0.021995757678221362,0.021995757678221362,0.4677960657414953,0.498215639770322,0.01346271933529945,0.5210420841683366,0.0,0.40579113928239635,High,speculative
centrifuge-2,cfg,Centrifuge,0.143155,82608068,307,38864151.0,4.36022,13.876534299023188,577038746.0,0.4704643498017651,0.4704643498017651,0.5821851968616348,0.5508276588531501,0.31280623450821815,0.3867735470941884,0.08,0.40520739228198516,High,speculative
morpho,morpho,Morpho,1.67,917101239,71,14867715.0,-5.88037,-14.816239915215453,549892451.3921632,0.016211639858006995,0.016211639858006995,0.3791354624567999,0.3597916529829475,0.009601940250907482,0.8597194388777555,0.0,0.4029330809017747,Medium,balanced
grass,grass,Grass,0.376327,203595536,172,27170650.0,-7.61562,3.8794977462294162,542203969.0,0.13345405569206586,0.13345405569206586,0.3447290413789138,0.48426755841377134,0.08785882936091254,0.657314629258517,0.0,0.4028710759020515,Medium,speculative
havven,snx,Synthetix,0.307932,106069924,255,10161875.0,-0.21408,-1.600363289076022,344516234.4572882,0.09580354747873676,0.09580354747873676,0.4914862820444186,0.4477827362389601,0.06272789338330452,0.4909819639278557,0.0,0.4010978447204679,High,speculative
eigenlayer,eigen,EigenCloud (prev. EigenLayer),0.190339,123197855,237,21456156.0,-4.27026,2.914002331412058,647138882.415015,0.1741601426420939,0.1741601426420939,0.41106061597457266,0.4778393062567815,0.11502930098493012,0.5270541082164328,0.0,0.4010072848094717,High,speculative
basic-attention-token,bat,Basic Attention,0.096574,144587380,209,11673764.0,-3.5677,0.39096738991928537,1495724656.9526057,0.08073847108924721,0.08073847108924721,0.424990928720563,0.4610409822503647,0.0526722662959654,0.5831663326653307,0.0,0.4004236663320295,High,speculative
theta-token,theta,Theta Network,0.17166,171738084,193,7707996.0,-2.84567,-3.068593029494969,1000000000.0,0.04488227550040677,0.04488227550040677,0.43930729132587404,0.4380072874372793,0.028738996905866405,0.6152304609218436,0.0,0.40019963108288814,Medium,speculative
livepeer,lpt,Livepeer,2.22,110256127,248,8360971.0,-1.10888,-0.07766894939896679,49688954.55,0.07583225737649936,0.07583225737649936,0.4737442474208816,0.45792080942216307,0.04939747005659143,0.5050100200400801,0.0,0.39886795061953356,High,speculative
gas,gas,Gas,1.57,101979650,264,3804708.0,-0.11249,2.1472186309467225,65093580.54427269,0.03730850223549502,0.03730850223549502,0.4935006017777725,0.47273407333613277,0.023683659805209863,0.4729458917835671,0.0,0.3985926516913782,High,speculative
derive,drv,Derive,0.104502,104507820,258,1080009.0,-0.30131,2.8828964949914004,999883265.214628,0.010334241016605265,0.010334241016605265,0.4897566914317552,0.47763220412351665,0.005678898013038199,0.4849699398797595,0.0,0.39802799211351547,High,speculative
1inch,1inch,1INCH,0.094755,133080630,219,7574619.0,-2.49581,-0.7826571840473369,1404669110.661079,0.056917516846741706,0.056917516846741706,0.44624429203373134,0.45322700966870894,0.03677227173010179,0.56312625250501,0.0,0.39801053576382706,High,speculative
bitmart-token,bmx,BitMart,0.301347,102292551,262,9554583.0,0.14862,-3.9061169208913276,339412030.0,0.09340448455528301,0.09340448455528301,0.4986778734145089,0.4324310675207739,0.06112656847172669,0.47695390781563124,0.0,0.3956998036369121,High,speculative
pyth-network,pyth,Pyth Network,0.04401189,253016770,151,12682609.0,-5.90738,-4.81226996796719,5749982309.546371,0.05012556677567262,0.05012556677567262,0.3785999099811833,0.4263979158454443,0.032238785450659745,0.6993987975951904,0.0,0.39475408684776875,Medium,speculative
golem,glm,Golem,0.128727,128703885,225,5620421.0,-3.35686,0.875706418639571,1000000000.0,0.043669396615339154,0.043669396615339154,0.42917145015555014,0.46426836651250314,0.02792942532089545,0.5511022044088176,0.0,0.3918631114430517,High,speculative
origintrail,trac,OriginTrail,0.313954,140418090,211,6648172.0,-3.99832,-0.14972697833959403,447274118.0,0.04734555212935883,0.04734555212935883,0.4164526241278188,0.45744104828310717,0.030383183138535018,0.5791583166332666,0.0,0.3917977904974238,High,speculative
bitway,btw,Bitway,0.03279029,72090157,344,10251495.0,-3.31243,58.07292666957908,2200000000.0,0.14220381015399924,0.14220381015399924,0.4300524052274363,0.8450864924292162,0.09369910960246296,0.312625250501002,0.08,0.3905336072301882,High,speculative
cow-protocol,cow,CoW Protocol,0.229151,128359950,226,4694397.0,-1.81235,-4.446926390435877,559902049.3130395,0.03657213172800394,0.03657213172800394,0.4597958912556832,0.4288303672111013,0.023192147712605346,0.5490981963927856,0.0,0.38977802123197514,High,speculative
immutable-x,imx,Immutable,0.160768,137237422,215,15371289.0,-4.89404,-2.2176836475954196,853472049.1198142,0.11200508415263002,0.11200508415263002,0.3986923478057418,0.4436726277233679,0.07354208421928203,0.5711422845691383,0.0,0.38814937168814617,High,speculative
apecoin,ape,ApeCoin,0.09266,91347600,289,18646506.0,-2.58848,-1.3116556294627053,985156250.0,0.20412693929561368,0.20412693929561368,0.44440683746448323,0.4497049469581067,0.1350315183225169,0.4228456913827655,0.0,0.3859964836506728,High,speculative
elrond-erd-2,egld,MultiversX,4.01,118642146,243,6323399.0,-2.42681,-2.182354216864418,29545514.0,0.053298083465213114,0.053298083465213114,0.4476124194242365,0.443907850476181,0.034356374763425235,0.5150300601202404,0.0,0.3855984888400745,High,speculative
sign-global,sign,Sign,0.04405386,72286003,343,38313790.0,9.607,-10.890407699333789,1640000000.0,0.5300305510044593,0.5300305510044593,0.6862180001943137,0.38592977753788954,0.35256544254791916,0.31462925851703405,0.08,0.38175632468557946,High,speculative
toshi,toshi,Toshi,0.00021008,88386557,293,8651607.0,-2.01218,1.821285221204821,420690000000.0,0.09788374266009706,0.09788374266009706,0.455833675365181,0.47056401420166777,0.06411638066819027,0.4148296593186373,0.0,0.38154286076135996,High,speculative
wefi,wfi,WeFi,2.21,180068197,184,3354671.0,-5.70834,-3.7027148726500934,81536210.32248035,0.01863000272058036,0.01863000272058036,0.3825464618044609,0.4337853149208925,0.011216147472908278,0.6332665330661322,0.0,0.38122267541204524,Medium,speculative
sentient,sent,Sentient,0.01970431,142583853,210,11622288.0,-2.78839,-11.581106832600344,7237882055.0,0.08151195072558462,0.08151195072558462,0.4404430353393254,0.38133111437997946,0.05318854796501064,0.5811623246492986,0.0,0.3811475091861396,High,speculative
cysic,cys,Cysic,0.533239,85618648,303,11098834.0,4.00007,22.246667624849685,160800000.0,0.12963103551927146,0.12963103551927146,0.5750441667211935,0.6065558650986609,0.0853070424193066,0.39478957915831664,0.08,0.38029407634751866,High,speculative
zencash,zen,Horizen,5.73,102499635,261,12579491.0,-6.38172,6.1371508594395925,17872490.73116476,0.1227271784919039,0.1227271784919039,0.36919472814912196,0.49929897469188333,0.08069886055970794,0.4789579158316633,0.0,0.3782493834823641,High,speculative
alchemist-ai,alch,Alchemist AI,0.081961,69683043,353,9587570.0,11.15939,7.972203312391511,850000000.0,0.13758827954743597,0.13758827954743597,0.7169986854080291,0.511516722915068,0.09061833832790236,0.29458917835671344,0.08,0.3781237327754548,High,speculative
reserve-rights-token,rsr,Reserve Rights,0.00160001,100076802,271,7223120.0,-1.90139,-3.3199251353276003,62553174091.0,0.0721757675669932,0.0721757675669932,0.45803041208393563,0.4363339225236354,0.04695683869021471,0.4589178356713427,0.0,0.37770570672245724,High,speculative
four,form,Four,0.249496,95314142,280,3916663.0,0.97609,-9.076161044707026,381867255.14,0.04109214978822345,0.04109214978822345,0.5150848932959775,0.39800900110740006,0.026209166336773462,0.4408817635270541,0.0,0.3771238688329629,High,speculative
arweave,ar,Arweave,1.66,109277962,249,15403138.0,-3.98275,-5.551876755547623,65652466.0,0.14095374509272052,0.14095374509272052,0.4167613450476763,0.42147362635155,0.0928647170135279,0.503006012024048,0.0,0.37712256978796604,High,speculative
zero-gravity,0g,0G,0.531388,113317913,245,13017672.0,-3.10326,-7.930623804106047,213199722.0,0.11487744219221545,0.11487744219221545,0.43419981401398666,0.4056359686981249,0.07545932383763157,0.5110220440881763,0.0,0.3764218182023222,High,speculative
kamino,kmno,Kamino,0.02095727,87674232,296,4504845.0,-4.94525,11.7619219455903,4183561861.75,0.0513816305798949,0.0513816305798949,0.39767695934678865,0.5367486055365439,0.03307718207651262,0.4088176352705411,0.0,0.375998628479816,High,speculative
stp-network,awe,AWE Network,0.052551,102076643,263,3954322.0,-3.13321,-0.13890459312860257,1942420283.0270672,0.03873875436910675,0.03873875436910675,0.4336059674147746,0.4575131035409662,0.02463832354037052,0.4749498997995992,0.0,0.3754327188322042,High,speculative
qtum,qtum,Qtum,0.868581,92099309,284,7718139.0,-2.90908,-1.06891694964478,105986471.75,0.08380235512950483,0.08380235512950483,0.438050002081933,0.45132109698655576,0.05471734556082563,0.43286573146292584,0.0,0.37199459825571907,High,speculative
0x,zrx,0x Protocol,0.104101,88323680,294,7913392.0,-2.62769,-0.5094517067004158,848396562.906836,0.08959536106285426,0.08959536106285426,0.4436293842038787,0.4550460071202805,0.05858405727701352,0.41282565130260523,0.0,0.37158546565170875,High,speculative
wormhole,w,Wormhole,0.0164308,91136274,291,24713331.0,-3.26835,-10.197749386518174,5541897592.0,0.2711689859078505,0.2711689859078505,0.43092642052270397,0.3905414848801313,0.17978069864363322,0.4188376753507014,0.0,0.3711869608572989,High,speculative
grx-chain,grx,GRX Chain,10.19,96968527,274,25426794.0,-4.86178,-8.046277939486659,9512444.0,0.2622169768547686,0.2622169768547686,0.399331996930636,0.4048659454190751,0.17380541764319446,0.4529058116232465,0.0,0.3711121601439503,High,speculative
theta-fuel,tfuel,Theta Fuel,0.01265048,91918152,285,2854041.0,-1.83203,-1.6073581931245373,7266206746.0,0.031049808312073116,0.031049808312073116,0.4594056775303913,0.44773616428600443,0.019506110981651694,0.4308617234468938,0.0,0.3710141107616026,High,speculative
ravencoin,rvn,Ravencoin,0.00541241,87358857,298,6258507.0,-2.45602,0.3954389289777163,16138890920.44731,0.07164135629659166,0.07164135629659166,0.4470332454955893,0.461070753681856,0.04660013021376926,0.40480961923847697,0.0,0.3707218119493192,High,speculative
oasis-network,rose,Oasis,0.01203239,91029589,290,4600812.0,-1.54677,-3.264285676391826,7550281291.0,0.0505419397202815,0.0505419397202815,0.4650617937538045,0.43670436910103866,0.032516705784549675,0.42084168336673344,0.0,0.36985242844609467,High,speculative
cheems-token,cheems,Cheems Token,4.51653e-07,92005925,286,1339601.0,-0.42096,-6.111268485344494,203672952113698.72,0.014559942742817921,0.014559942742817921,0.4873842792248864,0.41774920566711904,0.008499466567922201,0.4288577154308617,0.0,0.36858917812049774,High,speculative
wemix-token,wemix,WEMIX,0.270025,124612003,234,1195457.0,-4.36862,-5.894982345226205,462277841.3255647,0.009593433788236275,0.009593433788236275,0.4091103404654409,0.41918923513324075,0.005184424500956909,0.533066132264529,0.0,0.36421850235199144,High,speculative
seeker,skr,Seeker,0.02122105,126323703,230,5761357.0,-5.11902,-6.807198111525217,5950321885.947108,0.0456078856396412,0.0456078856396412,0.394231459395367,0.4131157179757708,0.029223326675081793,0.5410821643286573,0.0,0.3635654140664949,High,speculative
circle-internet-group-ondo-tokenized-stock,crclon,Circle Internet Group (Ondo Tokenized Stock),123.64,87512174,297,7872692.0,-6.52662,8.211166081044498,707648.908089731,0.08996110643988801,0.08996110643988801,0.366321660629061,0.5131077329907858,0.05882818475604413,0.40681362725450904,0.0,0.363107050005525,High,speculative
beam-2,beam,Beam,0.0019572,96886446,276,6756167.0,-3.11272,-6.671869560275014,49466004168.0,0.0697328396172154,0.0697328396172154,0.4340122417659551,0.41401673318322363,0.04532623478027756,0.44889779559118237,0.0,0.36102721869875914,High,speculative
amp-token,amp,Amp,0.00128174,108016100,253,3844561.0,-3.69753,-7.949777456288645,84282159715.68228,0.03559248112086994,0.03559248112086994,0.42241666815376167,0.4055084440055501,0.02253825118221021,0.49498997995991983,0.0,0.3598807482156505,High,speculative
berachain-bera,bera,Berachain,0.534652,122648964,239,25246646.0,-9.15301,-6.249174129208339,229362177.8237613,0.2058447554436742,0.2058447554436742,0.31424577516313434,0.41683103222059203,0.13617812509323046,0.5230460921843687,0.0,0.3547292386720359,High,speculative
banana-for-scale-2,bananas31,Banana For Scale,0.0091841,91794806,287,17359881.0,-13.67691,14.760354329338993,10000000000.0,0.189116157617894,0.189116157617894,0.2245461881789828,0.5567121176802727,0.12501213183298537,0.42685370741482964,0.0,0.34674134073425955,High,speculative
holotoken,hot,Holo,0.00045391,80619358,317,14911923.0,1.79447,11.914921536795294,177619433541.1413,0.1849670273980599,0.1849670273980599,0.531311677264697,0.537767274229412,0.12224267317583781,0.3667334669338677,0.08,0.3467002935519509,High,speculative
debridge,dbr,deBridge,0.0175174,82709528,310,3704094.0,2.75523,12.279354369390404,4721552490.0,0.044784368736815905,0.044784368736815905,0.5503615623618241,0.5401936618706734,0.028673646164951154,0.3807615230460922,0.08,0.33948735943589536,High,speculative
humanity,h,Humanity,0.096145,175198619,188,22925493.0,-7.0702,-28.030767197289425,1825000000.0,0.13085430199652429,0.13085430199652429,0.3555435927025275,0.2718095536369216,0.08612354750734447,0.625250501002004,0.0,0.33586915450760807,Medium,speculative
quack-ai,q,Quack AI,0.01392273,55594704,415,11921910.0,17.78978,8.410864384540929,4000176660.0,0.21444326783356918,0.21444326783356918,0.8484656153896487,0.5144373209209792,0.14191745437794434,0.17034068136272545,0.15,0.33545347126155634,High,speculative
ribbita-by-virtuals,tibbir,Ribbita by Virtuals,0.139176,139149388,212,2493743.0,-9.05502,-10.793748211099096,999904783.797368,0.017921336456039605,0.017921336456039605,0.31618871433698365,0.38657333477721184,0.010743127389812576,0.5771543086172345,0.0,0.3345170136746115,High,speculative
templar,sn3,τemplar,15.65,66173143,371,5286753.0,-17.57733,81.34025931306144,4222095.550090829,0.07989272929049177,0.07989272929049177,0.14720892098370345,1.0,0.05210775112720107,0.25851703406813625,0.08,0.32818965673130857,High,speculative
mina-protocol,mina,Mina Protocol,0.059366,75904884,328,8603254.0,2.09318,7.98289646244643,1278821914.840039,0.11334256172501364,0.11334256172501364,0.5372344791895928,0.5115879177274417,0.07443482285251939,0.34468937875751504,0.08,0.3277275525238587,High,speculative
world-mobile-token,wmtx,World Mobile Token,0.091411,77746469,324,17472190.0,-2.63922,14.778739813421538,850523647.728708,0.2247329071626391,0.2247329071626391,0.44340076813413204,0.5568345279226178,0.14878557593811992,0.3527054108216433,0.08,0.32626109001289777,High,speculative
convex-finance,cvx,Convex Finance,1.71,156944774,204,14867895.0,-10.66003,-17.873950528183872,91758226.73956148,0.09473329134234186,0.09473329134234186,0.2843646832785091,0.3394334673907526,0.06201351953498922,0.593186372745491,0.0,0.32262644693174497,High,speculative
mbg-by-multibank-group,mbg,MBG By Multibank Group,0.348605,64769879,377,6781803.0,2.04257,15.276967518235352,185307099.39865518,0.10470612427730489,0.10470612427730489,0.536230987490557,0.5601517195622564,0.06867017937564468,0.24649298597194388,0.08,0.32129866134765994,High,speculative
ravedao,rave,RaveDAO,0.25304,60416461,392,6590736.0,2.56212,14.836804398848116,239172222.0,0.10908841548994404,0.10908841548994404,0.5465325901823972,0.5572211209512172,0.07159526817593556,0.21643286573146292,0.08,0.3182304865616933,High,speculative
tagger,tag,TAGGER,0.00060292,65615799,373,3013591.0,-4.4865,35.37541329766237,108864805114.17,0.045927826010318036,0.045927826010318036,0.4067730237003286,0.6939668319397561,0.029436880259181494,0.2545090180360721,0.08,0.31455785921989904,High,speculative
kaito,kaito,KAITO,0.354485,85585880,302,8304906.0,1.09133,-0.9714540456387243,241388889.0,0.09703593630164228,0.09703593630164228,0.5173698643174531,0.4519700033545077,0.06355048744850213,0.3967935871743487,0.08,0.31194716276353734,High,speculative
zilliqa,zil,Zilliqa,0.00409835,81827480,315,10630510.0,-0.03437,-0.06157258098288108,19951960207.23777,0.12991369158624952,0.12991369158624952,0.4950495599190228,0.45802797877108226,0.08549570950137253,0.37074148296593185,0.08,0.3053617771088454,High,speculative
unibase,ub,Unibase,0.03208497,80122644,318,6611473.0,0.43756,0.04323642090391713,2500000000.0,0.08251690995119931,0.08251690995119931,0.5044069564320824,0.4587257953345905,0.05385933747509986,0.36472945891783565,0.08,0.3016685371877287,High,speculative
aelf,elf,aelf,0.082117,67265174,362,3067438.0,1.94003,5.577912442019577,819143232.2724018,0.04560217148921669,0.04560217148921669,0.5341978312206671,0.49557557475866687,0.029219512597787774,0.27655310621242485,0.08,0.3001861119283003,High,speculative
mantra,mantra,MANTRA,0.01408931,67487784,363,15648217.0,3.99882,-12.222009782457889,4787760173.823606,0.2318673998838071,0.2318673998838071,0.5750193818046988,0.3770639933697546,0.1535477023559755,0.2745490981963928,0.08,0.29967380625178414,High,speculative
non-playable-coin,npc,Non-Playable Coin,0.00874045,70353655,352,3825412.0,-1.75249,13.422826039386168,8050126520.0,0.05437403358787827,0.05437403358787827,0.46098279133677944,0.5478068769272125,0.035074549229878384,0.2965931863727455,0.08,0.29748861244186037,High,speculative
pippin,pippin,pippin,0.107113,107702463,254,41977250.0,-1.34952,-68.85537571154045,999937214.153254,0.3897519966651088,0.3897519966651088,0.4689728535766617,0.0,0.258932407154108,0.49298597194388777,0.0,0.2952763408210487,High,speculative
verge,xvg,Verge,0.00499153,82520494,311,2973124.0,0.265,-1.3296365587049779,16521951235.74134,0.036028916647057395,0.036028916647057395,0.5009854482798277,0.449585230235052,0.022829562874600265,0.3787575150300601,0.08,0.2950517368435005,High,speculative
meteora,met,Meteora,0.152696,77409910,326,10991481.0,-0.61821,-3.8178572097166006,506624505.324236,0.1419906185138311,0.1419906185138311,0.4834732194020292,0.43301869918636965,0.09355680858942829,0.3486973947895792,0.08,0.29119674446857313,High,speculative
creditcoin-2,ctc,Creditcoin,0.161906,85916826,301,7365644.0,-4.23564,5.257959176945654,530658812.0,0.08572993606630673,0.08572993606630673,0.41174705902180875,0.4934453313263492,0.05600396599208124,0.39879759519038077,0.08,0.2896328912015343,High,speculative
myx-finance,myx,MYX Finance,0.311565,59242251,393,11589088.0,0.31113,2.6164041523058157,190768939.69,0.19562200632788243,0.19562200632788243,0.5019001108381466,0.4758579026090823,0.12935465136776395,0.21442885771543085,0.08,0.2895350150402152,High,speculative
kusama,ksm,Kusama,4.47,80190939,319,4749365.0,-1.19588,0.5488639801816194,17930050.93938792,0.059225706285843595,0.059225706285843595,0.47201921723285334,0.46209225508020746,0.038312940469275004,0.3627254509018036,0.08,0.28911524550340545,High,speculative
movement,move,Movement,0.02051861,72021999,346,11999492.0,-1.33498,-1.0694463576641329,3508333333.0,0.1666087052096402,0.1666087052096402,0.4692611517253276,0.45131757219690877,0.10998887259074652,0.30861723446893785,0.08,0.2870802841712994,High,speculative
dog-go-to-the-moon-rune,dog,Dog (Bitcoin),0.00078019,77982887,323,1238537.0,-0.95634,0.7353294411254429,100000000000.0,0.015882163993236106,0.015882163993236106,0.47676880035055785,0.463333738968293,0.00938202192160342,0.35470941883767537,0.08,0.28419678551609007,High,speculative
mag7-ssi,mag7.ssi,MAG7.ssi,0.501065,84755950,306,1298456.0,-2.14613,1.0802840752674947,169135919.2566094,0.015319939190109957,0.015319939190109957,0.4531777237136133,0.4656304410933951,0.009006748486983896,0.38877755511022044,0.08,0.28408272966607595,High,speculative
zora,zora,Zora,0.01670276,74664176,335,7797178.0,-0.78281,-4.3040486253462555,4469999998.0,0.10442997455700843,0.10442997455700843,0.48020954159801243,0.429781644956731,0.06848585514549929,0.3306613226452906,0.08,0.2810612652536313,High,speculative
robo-token-2,robo,Fabric Protocol,0.02554856,56918220,407,148437380.0,-1.70165,-36.901336632749874,2231000000.0,2.6079062205388714,1.5,0.4619908434604502,0.21274945222979708,1.0,0.18637274549098196,0.15,0.2789364546744796,High,speculative
coredaoorg,core,Core,0.076409,82158050,312,3402699.0,-1.69877,-3.701364639806273,1075572403.645433,0.04141650148707278,0.04141650148707278,0.4620479479080539,0.4337943047483505,0.02642566439124395,0.37675350701402804,0.08,0.2781009557483119,High,speculative
threshold-network-token,t,Threshold Network,0.00649135,72424673,342,2827522.0,-0.88187,-1.5810929690738136,11155000000.0,0.03904086663946691,0.03904086663946691,0.4782453865356437,0.44791103770390656,0.024839977236024567,0.3166332665330661,0.08,0.2752096842116756,High,speculative
turbo,turbo,Turbo,0.00097211,67125201,366,9089798.0,-2.49938,2.5682879880566905,69000000000.0,0.13541557961219364,0.13541557961219364,0.4461735063122226,0.47553754600057474,0.08916810603191976,0.2685370741482966,0.08,0.27519445973548845,High,speculative
aioz-network,aioz,AIOZ Network,0.065329,81033735,316,3687901.0,-2.69443,-1.4601135985715912,1240390860.394986,0.0455106876167068,0.0455106876167068,0.4423060679423959,0.4487165163084106,0.029158449003904706,0.3687374749498998,0.08,0.2751489124447727,High,speculative
linea,linea,Linea,0.00319459,75469249,329,15116346.0,-5.16767,-1.5628434506828282,23643280050.0,0.20029808432305984,0.20029808432305984,0.39326683044539484,0.4480325426889748,0.13247583677267974,0.342685370741483,0.08,0.27263787331659767,High,speculative
dydx-chain,dydx,dYdX,0.085549,71048713,348,3706824.0,-2.02439,1.0155961660806079,829840013.9170294,0.05217299291543817,0.05217299291543817,0.4555915763008611,0.4651997500871199,0.03360540007763345,0.3046092184368738,0.08,0.27232004514376024,High,speculative
aleo,aleo,ALEO,0.060329,58329956,400,2590413.0,-2.75807,13.25983457151466,966542623.222185,0.044409651191919294,0.044409651191919294,0.4410442182738198,0.5467216824883409,0.02842352994933127,0.20040080160320642,0.08,0.2703470503056455,High,speculative
celo,celo,Celo,0.081837,48904862,456,15670250.0,7.25165,9.925032547849908,597552519.0,0.32042315138318966,0.32042315138318966,0.6395162777417571,0.5245186269659982,0.21265683599024812,0.08817635270541083,0.15,0.26791429798648847,High,speculative
nexpace,nxpc,Nexpace,0.281836,72135352,345,15242320.0,-5.98255,0.7813689872044919,255928724.1697733,0.21130166523620764,0.21130166523620764,0.37710944424286047,0.4636402694881147,0.13982049958269857,0.3106212424849699,0.08,0.26705904142602943,High,speculative
superfarm,super,SuperVerse,0.111816,71244226,347,5665542.0,-2.56911,-2.4149674972161157,637164549.0,0.07952282336536297,0.07952282336536297,0.44479090453048453,0.44235911518628,0.051860846568317624,0.3066132264529058,0.08,0.26569842167851737,High,speculative
arkham,arkm,Arkham,0.106474,60548002,391,13541553.0,-3.64191,1.0327312639841455,568532082.0,0.22364987369855738,0.22364987369855738,0.42351949779810805,0.4653138352794141,0.14806267348768742,0.218436873747495,0.08,0.26545904585650154,High,speculative
gmx,gmx,GMX,6.44,66766616,368,4489990.0,-1.37246,-1.6225875505696967,10369734.97977987,0.06724902756790908,0.06724902756790908,0.46851800078915173,0.4476347674814791,0.04366834157899986,0.26452905811623245,0.08,0.2649823036044387,High,speculative
proton,xpr,XPR Network,0.00230586,65949814,372,1258796.0,-1.48267,1.1126680417439063,28600905065.324,0.01908718044299564,0.01908718044299564,0.46633276427165066,0.4658460529949733,0.011521304152528862,0.2565130260521042,0.08,0.26235674042329626,High,speculative
nervos-network,ckb,Nervos Network,0.00146529,70948452,349,2822083.0,-2.14699,-3.545413637937659,48418160046.28784,0.039776526766221766,0.039776526766221766,0.453160671691065,0.43483262388354427,0.025331015164171584,0.3026052104208417,0.08,0.2605418269199233,High,speculative
ankr,ankr,Ankr Network,0.00481515,48170193,462,43837069.0,-4.93871,10.267014433380922,10000000000.0,0.9100455337598502,0.9100455337598502,0.39780663402988864,0.5267955365810811,0.606217588437854,0.07615230460921844,0.15,0.2596864107045461,High,speculative
ethgas-2,gwei,ETHGas,0.04203711,73580917,337,5472178.0,2.66033,-24.37850960786412,1750000000.0,0.07436952708811716,0.07436952708811716,0.5484798915015495,0.29612622295175933,0.048421127824461146,0.32665330661322645,0.08,0.25839789649707195,High,speculative
astar,astr,Astar,0.0074297,63739098,378,3765221.0,-2.44814,-0.6361894695963419,8571436695.0,0.059072392270125944,0.059072392270125944,0.44718948960917165,0.45420218923652395,0.038210606532860666,0.24448897795591182,0.08,0.25513699821298935,High,speculative
fogo,fogo,Fogo,0.02061277,78131035,322,5298569.0,-3.11194,-11.510993410025236,3791702820.453078,0.06781644451529409,0.06781644451529409,0.43402770755384773,0.38179792836271353,0.04404708066258796,0.35671342685370744,0.08,0.25269940481605263,High,speculative
safe,safe,Safe,0.102391,73131978,338,1656275.0,-5.20344,0.2731298855461069,714032461.0,0.022647753353532977,0.022647753353532977,0.3925575852749837,0.4602564221374569,0.013897912971494052,0.3246492985971944,0.08,0.25112683798353963,High,speculative
home,home,HOME,0.02115297,72800981,340,4048625.0,-3.08218,-8.533034445075351,3440833332.9,0.05561223137913485,0.05561223137913485,0.43461778684575253,0.40162512883003804,0.03590102066137605,0.32064128256513025,0.08,0.2501556706717259,High,speculative
ronin,ron,Ronin,0.091825,70722293,351,2737524.0,-2.38968,-8.185275659541867,769401679.4337813,0.03870807752231676,0.03870807752231676,0.4483486305837939,0.4039405009477199,0.02461784737924393,0.2985971943887776,0.08,0.24880436347714946,High,speculative
rekt-4,rekt,Rekt,1.45436e-07,61237215,387,1006313.0,-1.62267,-3.0856398111804633,420690000000000.0,0.016433030143516488,0.016433030143516488,0.4635568536242488,0.4378937902528724,0.009749713690237412,0.22645290581162325,0.08,0.24675185986218867,High,speculative
zetachain,zeta,ZetaChain,0.04939012,64961756,374,3219023.0,-4.87151,-0.29178496608163534,1315270833.0,0.049552585986130056,0.049552585986130056,0.3991390711406415,0.45649522860120517,0.03185633261743887,0.25250501002004005,0.08,0.24090821322051392,High,speculative
aztec,aztec,Aztec,0.02147297,63251579,380,6416211.0,-4.06777,-5.231707473926712,2943918885.0,0.10143953876629705,0.10143953876629705,0.41507557416737556,0.4236053080183872,0.06648980106899921,0.24048096192384769,0.08,0.23997013271626566,High,speculative
baby-doge-coin,babydoge,Baby Doge Coin,3.92897e-10,70812856,350,2990117.0,-4.37256,-7.013328257076072,1.8012862191752214e+17,0.04222562355061629,0.04222562355061629,0.4090322184086498,0.4117433069498639,0.026965736643702505,0.30060120240480964,0.08,0.23938737505255547,High,speculative
soon-2,soon,SOON,0.135354,59147840,394,5720417.0,-2.36008,-7.90099546172838,436986207.74,0.09671387830899658,0.09671387830899658,0.44893553740638736,0.4058332337010181,0.0633355203955105,0.2124248496993988,0.08,0.23929470569142103,High,speculative
edu-coin,edu,Open Campus,0.080167,67037068,367,5388922.0,-1.10259,-17.0817539674069,836375099.0,0.0803871971250294,0.0803871971250294,0.4738689651206828,0.3447078987059317,0.0524377981858581,0.2665330661322645,0.08,0.23779585535030534,High,speculative
polymesh,polyx,Polymesh,0.04505295,56680502,409,12135585.0,0.39764,13.269473774559778,1257495879.80588,0.21410510796111157,0.21410510796111157,0.5036154253389089,0.5467858601393328,0.14169173965301216,0.18236472945891782,0.15,0.2371701531795765,High,speculative
mog-coin,mog,Mog Coin,1.51057e-07,59096979,395,8061253.0,-4.41478,-4.893748830373085,390561998053223.3,0.1364071926586975,0.1364071926586975,0.4081950830691261,0.42585543095636913,0.08982998724332468,0.21042084168336672,0.08,0.23663262190950285,High,speculative
deep,deep,DeepBook,0.03007527,75188186,330,8715463.0,-6.20186,-12.534303574774185,2500000000.0,0.11591532478253964,0.11591532478253964,0.37276098021370546,0.37498474657762815,0.07615208901312201,0.3406813627254509,0.08,0.2336225862091263,High,speculative
zama,zama,Zama,0.02171202,47766310,468,13683727.0,5.37036,3.1308529306466,2200000000.0,0.2864723483978561,0.2864723483978561,0.602214185299967,0.479283093882161,0.18999537677757425,0.06412825651302605,0.15,0.2335182865832063,High,speculative
based-brett,brett,Brett,0.00690771,68478078,357,8283670.0,-7.53384,-3.2868496020247684,9909609171.0065,0.1209682024077837,0.1209682024077837,0.34635056975566036,0.43655413886545785,0.07952478038247095,0.2865731462925852,0.08,0.23342751370881049,High,speculative
axelar,axl,Axelar,0.051607,58767500,397,9380057.0,-4.55364,-7.09589595723355,1137919327.708738,0.1596130003828647,0.1596130003828647,0.4054417762655675,0.4111935725974378,0.1053193842235829,0.20641282565130262,0.08,0.23333949447471836,High,speculative
lagrange,la,Lagrange,0.236682,45674718,481,14209486.0,5.75928,2.685610838808936,193000000.0,0.31110177844995124,0.31110177844995124,0.6099256650784493,0.47631867955837104,0.20643501223474056,0.03807615230460922,0.15,0.23284534935579024,High,speculative
digibyte,dgb,DigiByte,0.0038258,69565354,355,2434047.0,-6.05861,-5.866901518934553,18187854053.23141,0.03498935691465036,0.03498935691465036,0.3756013316439935,0.419376196800183,0.02213567824143689,0.2905811623246493,0.08,0.22810593971452137,High,speculative
mocaverse,moca,Moca Network,0.01430114,58529969,399,3552158.0,-6.44228,0.8219766473039924,4092939316.7625,0.06068955888221981,0.06068955888221981,0.36799394851478867,0.4639106346028723,0.03929003181879262,0.20240480961923848,0.08,0.2244844215568244,High,speculative
velo,velo,Velo,0.00386233,67837880,361,7957332.0,-13.01558,9.464015780113384,17563876115.0,0.11729924343154592,0.11729924343154592,0.23765899523931328,0.5214491851166327,0.07707582610504476,0.2785571142284569,0.08,0.22207070555616953,High,speculative
freysa-ai,fai,Freysa AI,0.00685033,56491554,410,1834114.0,3.79956,5.853002410365995,8189700000.0,0.032467048082975375,0.032467048082975375,0.5710684678361182,0.497407119119469,0.020452089233675804,0.18036072144288579,0.15,0.2217175657940373,High,speculative
orca,orca,Orca,0.910725,55389430,417,23544355.0,-2.93068,-1.6052489178172937,60798795.681235,0.42506945819807135,0.42506945819807135,0.4376217187249053,0.44775020780535774,0.2825060826978102,0.16633266533066132,0.15,0.2084816402853151,High,speculative
succinct,prove,Succinct,0.27249,53179138,430,6039860.0,1.12033,3.624028538071057,195000000.0,0.11357574092306648,0.11357574092306648,0.5179448743801293,0.4825666487427512,0.0745904651472893,0.1402805611222445,0.15,0.20199475037542772,High,speculative
circle-xstock,crclx,Circle xStock,123.28,52717742,434,22148388.0,-6.77697,8.06205249251971,426146.539347785,0.4201315754381134,0.4201315754381134,0.36135773755351064,0.5121149372380973,0.27921014802403854,0.13226452905811623,0.15,0.19597968964450277,High,speculative
keeta,kta,Keeta,0.158282,80063566,320,4780826.0,-8.44043,-25.03628914722774,505999238.5570036,0.059712878639455055,0.059712878639455055,0.32837476379974584,0.29174673789378225,0.038638117945215045,0.36072144288577157,0.08,0.19170309559134635,High,speculative
eurite,euri,Eurite,1.15,54142946,423,4681406.0,0.08429,0.062256650403021724,46968932.99990108,0.08646382115963915,0.08646382115963915,0.49740234247202775,0.4588524317011931,0.0564938191221096,0.15430861723446893,0.15,0.18785508999028036,High,speculative
yooldo-games,esports,Yooldo Games,0.297847,45318158,483,32775913.0,-8.77898,1.8078801626598144,151800000.0,0.7232401855344606,0.7232401855344606,0.3216620170163323,0.47047476354839274,0.4815288798571542,0.03406813627254509,0.15,0.1875631001385409,High,speculative
meet48,idol,MEET48,0.02628473,46647368,477,6053401.0,-2.32011,15.663855648086077,1782229434.502125,0.12976940092311318,0.12976940092311318,0.4497280598962206,0.562727614193198,0.08539939846628901,0.04609218436873747,0.15,0.1873215920224295,High,speculative
tesla-xstock,tslax,Tesla xStock,382.09,49879018,451,22761156.0,-3.97214,-4.060918792241378,130542.6495427208,0.45632726771004195,0.45632726771004195,0.41697171941888295,0.43140039927715484,0.30337002443253297,0.09819639278557114,0.15,0.18709695295215914,High,speculative
space-and-time,sxt,Space and Time,0.01744817,52581400,435,5657336.0,2.52395,-8.166503891823,3013644496.2665,0.1075919621767393,0.1075919621767393,0.5457757579723163,0.4040654830599883,0.070596416521808,0.13026052104208416,0.15,0.18462734665147998,High,speculative
vethor-token,vtho,VeThor,0.00058907,58104299,403,1289891.0,-0.75744,0.33325632084274565,98648319333.0,0.022199579414941398,0.022199579414941398,0.4807125762631881,0.4606567429276502,0.013598766131463085,0.19438877755511022,0.15,0.1833505806972006,High,speculative
ordinals,ordi,ORDI,2.44,51301674,441,13088365.0,-2.28832,-1.2149253148059653,21000000.0,0.2551254955150197,0.2551254955150197,0.4503583898925128,0.4503489757585502,0.1690720004333694,0.11823647294589178,0.15,0.18329963216035403,High,speculative
targon,sn4,Targon,11.91,52332009,437,2036114.0,-7.34509,26.834794065745783,4381242.637112175,0.038907621528537155,0.038907621528537155,0.350093092146354,0.6371035334123545,0.02475103887872188,0.12625250501002003,0.15,0.18286653751071355,High,speculative
magic-eden,me,Magic Eden,0.112491,55452841,416,6270077.0,-2.06939,-0.39163751986918066,492862736.978172,0.11307043763546759,0.11307043763546759,0.45469931930705343,0.45583041198538815,0.0742531856476881,0.1683366733466934,0.15,0.17928581385979606,High,speculative
sushi,sushi,Sushi,0.20071,54799644,419,8095019.0,-2.50206,-0.8890801278054736,273012266.12632084,0.1477202844602421,0.1477202844602421,0.446120367451258,0.45251844750749365,0.0973812421736039,0.1623246492985972,0.15,0.1785076052876188,High,speculative
bianrensheng,币安人生,币安人生 (BinanceLife),0.057674,57669582,405,8001421.0,-1.25564,-7.59035993304336,1000000000.0,0.13874595102839482,0.13874595102839482,0.47083429994507664,0.4079014398019087,0.0913910601117953,0.1903807615230461,0.15,0.1775639510477295,High,speculative
jelly-my-jelly,jellyjelly,Jelly-My-Jelly,0.053303,53318502,429,4054890.0,0.81418,-5.697890452021497,999999099.34,0.07605033614785352,0.07605033614785352,0.5118745526322573,0.4205014696277547,0.04954303312867332,0.14228456913827656,0.15,0.17732495752146524,High,speculative
tellor,trb,Tellor Tributes,15.92,44027292,488,9847221.0,-0.07324,0.05792952456260645,2764992.1372944303,0.2236617459915545,0.2236617459915545,0.49427884815570483,0.45882362177046715,0.14807059799785677,0.02404809619238477,0.15,0.17727864481905684,High,speculative
spark-2,spk,Spark,0.02224557,55349972,418,11427824.0,-3.1322,-4.530881863624454,2488134915.4135427,0.2064648560255821,0.2064648560255821,0.43362599362730225,0.4282713930892846,0.13659202941386556,0.16432865731462926,0.15,0.1746940326449438,High,speculative
popcat,popcat,Popcat,0.051485,50586852,444,12155696.0,-4.48544,2.182342318383694,979978669.96,0.24029358458597108,0.24029358458597108,0.406794041309516,0.4729679262535708,0.15917200647122823,0.11222444889779559,0.15,0.17316032203949652,High,speculative
peanut-the-squirrel,pnut,Peanut the Squirrel,0.04385681,43898797,490,14749186.0,-2.09062,-2.5624208344755774,999842421.270711,0.33598155320748313,0.33598155320748313,0.4542783722853081,0.4413773733584612,0.223041747608036,0.02004008016032064,0.15,0.17193782174034758,High,speculative
xyo-network,xyo,XYO Network,0.00392114,54628365,420,3419845.0,-1.6103,-2.591537511503021,13931216938.01129,0.06260200172566029,0.06260200172566029,0.46380212515787994,0.4411835150148237,0.04056654788564142,0.16032064128256512,0.15,0.1701378414308972,High,speculative
chainopera-ai,coai,ChainOpera AI,0.299021,56219573,412,3917038.0,-1.5095,-5.871952493074097,188000098.0,0.06967391943727498,0.06967391943727498,0.4658007808240093,0.4193425674997129,0.04528690677807685,0.17635270541082165,0.15,0.16828120441581498,High,speculative
moo-deng,moodeng,Moo Deng,0.04888381,48391965,460,11720319.0,-4.13972,0.8270669156752296,989938418.094325,0.2421955587048387,0.2421955587048387,0.41364895437394295,0.463944525523673,0.1604415348808184,0.08016032064128256,0.15,0.16646256346356744,High,speculative
cat-in-a-dogs-world,mew,cat in a dogs world,0.00059989,53334302,428,6833096.0,-3.458,-0.9882170507857989,88888888888.88,0.12811822305277382,0.12811822305277382,0.4271660529921342,0.45185839554949847,0.08429727136850787,0.14428857715430862,0.15,0.16628187989952561,High,speculative
siacoin,sc,Siacoin,0.00102435,50966693,442,4611544.0,-2.15355,-0.8659577708205299,49751295000.0225,0.0904815229035951,0.0904815229035951,0.453030600449301,0.4526723957695797,0.059175551988300656,0.11623246492985972,0.15,0.1646696032185163,High,speculative
gohome,gohome,GOHOME,91.77,48129631,464,1181208.0,-0.49143,2.013087097504755,524619.425887,0.024542220155396578,0.024542220155396578,0.4859870047725835,0.47184102785302,0.015162430402164034,0.07214428857715431,0.15,0.16422624507095304,High,speculative
blur,blur,Blur,0.0192083,52956742,431,5049953.0,-3.33759,0.13893165636983545,2757714298.515982,0.09535996379837718,0.09535996379837718,0.42955353442823185,0.4593629325952721,0.062431810445760474,0.13827655310621242,0.15,0.1641590472970952,High,speculative
redstone-oracles,red,RedStone,0.12933,42221874,500,5712332.0,0.37843,-0.24256421734612357,326478395.0,0.13529318949698918,0.13529318949698918,0.503234530742219,0.45682293951455794,0.08908641315988552,0.0,0.15,0.16411748606065688,High,speculative
plume,plume,Plume,0.01102737,56506904,411,7955040.0,-3.95252,-7.1562976420563915,5121329365.0,0.14077996557730363,0.14077996557730363,0.41736074346818314,0.4107914192005501,0.0927487227790964,0.17835671342685372,0.15,0.15915897645559177,High,speculative
orbs,orbs,Orbs,0.00952011,46674398,475,3628883.0,-0.15484,-2.814738328055213,4908946160.0173,0.07774889780046011,0.07774889780046011,0.49266088880693343,0.43969744774984876,0.05067678792167143,0.050100200400801605,0.15,0.15870258064923456,High,speculative
drift-protocol,drift,Drift Protocol,0.081344,47775023,469,5130689.0,-2.83659,1.8451274601805148,586642333.845266,0.10739270601711694,0.10739270601711694,0.43948732895929127,0.47072275542588377,0.0704634171539843,0.06212424849699399,0.15,0.15696103668185432,High,speculative
mask-network,mask,Mask Network,0.444352,44446760,487,5938928.0,-2.57167,2.288904361127557,100000000.0,0.13361891845434853,0.13361891845434853,0.4447401450215034,0.47367741453348267,0.08796887184694066,0.026052104208416832,0.15,0.15546488854105858,High,speculative
espresso,esp,Espresso,0.094258,49108103,455,5563625.0,-1.39384,-7.564182668545703,520550000.0,0.11329342125066406,0.11329342125066406,0.4680940795774271,0.4080757275865928,0.07440202260164917,0.09018036072144289,0.15,0.15364125995333996,High,speculative
terra-luna-2,luna,Terra,0.060781,43183026,496,5924615.0,-1.31442,-3.0566549747029246,709984438.91686,0.13719777303239472,0.13719777303239472,0.4696688140318318,0.4380867708043564,0.09035768330107682,0.008016032064128256,0.15,0.1495876411385125,High,speculative
avantis,avnt,Avantis,0.148491,47519790,470,9402340.0,-1.06213,-12.822028226141757,319958479.00324523,0.19786156462391774,0.19786156462391774,0.4746712032977819,0.37306908071077094,0.13084951023758018,0.06012024048096192,0.15,0.1493924692074783,High,speculative
waves,waves,Waves,0.450634,45061783,484,1176528.0,-0.89497,-0.8092853789295489,100000000.0,0.026109219868197402,0.026109219868197402,0.47798564061077964,0.4530497195971443,0.016208370319792723,0.03206412825651302,0.15,0.14820065318345801,High,speculative
ardor,ardr,Ardor,0.04507063,44992209,485,1021236.0,-0.40912,-2.1234746561086757,998466231.0,0.022698063124662316,0.022698063124662316,0.48761904195392386,0.4442998695967507,0.013931493703794817,0.03006012024048096,0.15,0.1478477472190601,High,speculative
iotex,iotx,IoTeX,0.00487426,46014762,479,2475202.0,0.06909,-6.87467836784401,9441368895.0,0.0537914767439197,0.0537914767439197,0.4971009578874527,0.41266643556947624,0.034685704578276653,0.04208416833667335,0.15,0.14753249768625218,High,speculative
kava,kava,Kava,0.05378,58231517,402,4262326.0,-4.16255,-10.37525524167525,1082847245.0,0.0731962040418765,0.0731962040418765,0.4131962826590845,0.3893596538959752,0.04763795894426827,0.1963927855711423,0.15,0.14688409634389635,High,speculative
flow,flow,Flow,0.03115529,51406058,440,16556732.0,3.47269,-43.10177302020153,1649542618.471563,0.3220774485372911,0.3220774485372911,0.5645873113124308,0.17146705153662095,0.2137610451454633,0.12024048096192384,0.15,0.14463313939953235,High,speculative
fractal-bitcoin,fb,Fractal Bitcoin,0.44749,43786428,491,2006032.0,-1.31594,-2.4092006078857175,97848999.94607788,0.04581401341986608,0.04581401341986608,0.46963867557337424,0.44239751103799335,0.029360912707617842,0.018036072144288578,0.15,0.14189580821110667,High,speculative
niza-global-2,niza,Niza Global,0.04053618,46654634,476,1051385.0,0.96677,-11.918706790363071,1150000000.0,0.022535489186347492,0.022535489186347492,0.5149000969585934,0.3790833795659322,0.013822978960454087,0.04809619238476954,0.15,0.14060041958636518,High,speculative
ai-companions,aic,AI Companions,0.05227,52270021,438,1255896.0,-4.13287,-3.746554771051974,1000000000.0,0.024027080455927118,0.024027080455927118,0.41378477571633365,0.43349342961813586,0.014818585300962769,0.12424849699398798,0.15,0.1399762018676384,High,speculative
moonbirds,birb,Moonbirds,0.153195,43660935,492,5970218.0,-4.70413,0.2546287596701606,285000000.0,0.13674049811347375,0.13674049811347375,0.4024578705989424,0.4601332419540053,0.0900524617447978,0.01603206412825651,0.15,0.13624234711757807,High,speculative
numeraire,nmr,Numeraire,7.21,50166670,448,9407021.0,-7.19556,-4.643622712888725,6959534.825796038,0.187515356311272,0.187515356311272,0.35305796299711106,0.4275207664199689,0.12394363005017686,0.10420841683366733,0.15,0.13438631486083155,High,speculative
vana,vana,Vana,1.39,42950476,497,2136921.0,-2.92934,-1.472871275022193,30800000.0,0.049753138940765176,0.049753138940765176,0.4376482881553876,0.4486315759141807,0.03199019756912819,0.006012024048096192,0.15,0.13159756535604059,High,speculative
casper-network,cspr,Casper Network,0.00304552,43990638,489,1176735.0,-5.17257,2.6858741661309775,14442472341.0,0.026749668872726964,0.026749668872726964,0.3931696735727358,0.47632043278723146,0.016635856791915753,0.022044088176352707,0.15,0.12611369723726032,High,speculative
skyai,skyai,SkyAI,0.04334451,43376759,493,3736452.0,-7.42566,5.754906443972864,1000000000.0,0.08613949234888665,0.08613949234888665,0.3484955555687742,0.4967539978328414,0.05627733634497064,0.014028056112224449,0.15,0.1234803088963998,High,speculative
hashkey-ecopoints,hsk,HashKey Platform Token,0.154101,53450762,426,1962119.0,-9.25924,-8.58941749729345,344960009.0,0.03670890603954346,0.03670890603954346,0.3121394538197522,0.4012497314211262,0.023283441738364715,0.14829659318637275,0.15,0.10410988279883873,High,speculative
venus,xvs,Venus,2.95,49585471,453,5480247.0,-11.10528,-2.7711007192970585,16762140.585162845,0.1105212250580417,0.1105212250580417,0.27553629602311147,0.43998798621157575,0.07255163894575213,0.09418837675350701,0.15,0.10206498095180519,High,speculative
chia,xch,Chia,2.67,48542985,458,2203852.0,-10.20338,-1.2483949115864434,18138681.0,0.045400009908743766,0.045400009908743766,0.2934191089723381,0.4501261357487523,0.029084573921602824,0.0841683366733467,0.15,0.10100084623633174,High,speculative
request-network,req,Request,0.065264,48540366,459,1802424.0,-3.99669,-22.83788726021173,744291192.2591633,0.03713247650419447,0.03713247650419447,0.4164849436589278,0.30638366050911603,0.023566166268106432,0.08216432865731463,0.15,0.09586505578331381,High,speculative
zignaly,zig,ZIGChain,0.03362424,47375402,471,1738939.0,-10.11174,-11.275721409793835,1408940795.2396517,0.03670552494731338,0.03670552494731338,0.29523614077039456,0.3833643653646468,0.02328118492919,0.05811623246492986,0.15,0.07529873443616047,High,speculative
purr-2,purr,Purr,0.085856,50930102,443,1449678.0,-14.24246,-6.558903585911609,595573300.5948,0.028464070227073177,0.028464070227073177,0.21333250056013914,0.4147688587316452,0.017780184258410516,0.11422845691382766,0.15,0.06874318234801752,High,speculative
comedian,ban,Comedian,0.051893,51617841,439,33772436.0,-25.00165,-57.394731899321116,999961859.27,0.654278353098883,0.654278353098883,0.0,0.07630477284071599,0.4354982821818887,0.12224448897795591,0.15,-0.024269979559454063,High,speculative
